InvoiceNo,StockCode,Description,Quantity,InvoiceDate,UnitPrice,CustomerID,Country
536365,71053,WHITE METAL LANTERN,14,2024-10-09 15:26:00,3.39,12007.0,United Kingdom
536365,84029G,KNITTED UNION FLAG HOT WATER BOTTLE,2,2024-10-09 15:26:00,3.39,12007.0,United Kingdom
536365,22633,HAND WARMER UNION JACK,19,2024-10-09 15:26:00,1.85,12007.0,United Kingdom
536365,23298,SPOTTY BUNTING,15,2024-10-09 15:26:00,4.95,12007.0,United Kingdom
536365,22423,REGENCY CAKESTAND 3 TIER,15,2024-10-09 15:26:00,12.75,12007.0,United Kingdom
536366,84406B,CREAM CUPID HEARTS COAT HANGER,18,2024-02-16 18:27:00,2.75,12041.0,United Kingdom
536366,23298,SPOTTY BUNTING,13,2024-02-16 18:27:00,4.95,12041.0,United Kingdom
536367,71053,WHITE METAL LANTERN,11,2024-10-27 14:26:00,3.39,12032.0,United Kingdom
536367,23203,JUMBO BAG DOILEY PATTERNS,2,2024-10-27 14:26:00,1.95,12032.0,United Kingdom
536368,22423,REGENCY CAKESTAND 3 TIER,7,2024-10-29 11:37:00,12.75,12068.0,United Kingdom
536368,71053,WHITE METAL LANTERN,19,2024-10-29 11:37:00,3.39,12068.0,United Kingdom
536368,21730,GLASS STAR FROSTED T-LIGHT HOLDER,17,2024-10-29 11:37:00,4.25,12068.0,United Kingdom
536368,22423,REGENCY CAKESTAND 3 TIER,15,2024-10-29 11:37:00,12.75,12068.0,United Kingdom
536369,22632,HAND WARMER RED POLKA DOT,3,2024-03-12 12:28:00,1.85,12060.0,United Kingdom
536370,21730,GLASS STAR FROSTED T-LIGHT HOLDER,7,2024-09-06 19:44:00,4.25,12059.0,United Kingdom
536370,23203,JUMBO BAG DOILEY PATTERNS,8,2024-09-06 19:44:00,1.95,12059.0,United Kingdom
536370,71053,WHITE METAL LANTERN,9,2024-09-06 19:44:00,3.39,12059.0,United Kingdom
536370,23298,SPOTTY BUNTING,4,2024-09-06 19:44:00,4.95,12059.0,United Kingdom
536370,21730,GLASS STAR FROSTED T-LIGHT HOLDER,3,2024-09-06 19:44:00,4.25,12059.0,United Kingdom
536371,47566,PARTY BUNTING,9,2024-06-22 11:13:00,4.65,12054.0,United Kingdom
536371,84406B,CREAM CUPID HEARTS COAT HANGER,16,2024-06-22 11:13:00,2.75,12054.0,United Kingdom
536371,85099B,JUMBO BAG RED RETROSPOT,14,2024-06-22 11:13:00,1.95,12054.0,United Kingdom
536371,71053,WHITE METAL LANTERN,6,2024-06-22 11:13:00,3.39,12054.0,United Kingdom
536372,23203,JUMBO BAG DOILEY PATTERNS,6,2024-10-30 13:48:00,1.95,12061.0,EIRE
536372,84029G,KNITTED UNION FLAG HOT WATER BOTTLE,13,2024-10-30 13:48:00,3.39,12061.0,EIRE
536373,23298,SPOTTY BUNTING,15,2024-02-21 17:11:00,4.95,12050.0,Germany
536374,22632,HAND WARMER RED POLKA DOT,9,2024-08-30 13:42:00,1.85,12062.0,United Kingdom
536374,22633,HAND WARMER UNION JACK,11,2024-08-30 13:42:00,1.85,12062.0,United Kingdom
536374,85123A,WHITE HANGING HEART T-LIGHT HOLDER,3,2024-08-30 13:42:00,2.95,12062.0,United Kingdom
536374,84029G,KNITTED UNION FLAG HOT WATER BOTTLE,3,2024-08-30 13:42:00,3.39,12062.0,United Kingdom
536375,71053,WHITE METAL LANTERN,15,2024-08-31 15:28:00,3.39,12035.0,EIRE
536375,22632,HAND WARMER RED POLKA DOT,13,2024-08-31 15:28:00,1.85,12035.0,EIRE
536375,22632,HAND WARMER RED POLKA DOT,11,2024-08-31 15:28:00,1.85,12035.0,EIRE
536376,22752,SET 7 BABUSHKA NESTING BOXES,9,2024-07-23 17:18:00,7.65,12007.0,United Kingdom
536377,85123A,WHITE HANGING HEART T-LIGHT HOLDER,5,2024-03-19 11:24:00,2.95,12078.0,Spain
536377,22720,SET OF 3 CAKE TINS PANTRY DESIGN,2,2024-03-19 11:24:00,4.95,12078.0,Spain
536377,22720,SET OF 3 CAKE TINS PANTRY DESIGN,6,2024-03-19 11:24:00,4.95,12078.0,Spain
536377,23203,JUMBO BAG DOILEY PATTERNS,6,2024-03-19 11:24:00,1.95,12078.0,Spain
536377,21730,GLASS STAR FROSTED T-LIGHT HOLDER,13,2024-03-19 11:24:00,4.25,12078.0,Spain
536378,21730,GLASS STAR FROSTED T-LIGHT HOLDER,8,2024-07-22 14:47:00,4.25,12010.0,Spain
536378,21730,GLASS STAR FROSTED T-LIGHT HOLDER,16,2024-07-22 14:47:00,4.25,12010.0,Spain
536378,84029E,RED WOOLLY HOTTIE WHITE HEART,4,2024-07-22 14:47:00,3.39,12010.0,Spain
536378,22752,SET 7 BABUSHKA NESTING BOXES,1,2024-07-22 14:47:00,7.65,12010.0,Spain
536379,22423,REGENCY CAKESTAND 3 TIER,4,2024-02-02 17:43:00,12.75,12008.0,France
536379,23203,JUMBO BAG DOILEY PATTERNS,10,2024-02-02 17:43:00,1.95,12008.0,France
536379,47566,PARTY BUNTING,3,2024-02-02 17:43:00,4.65,12008.0,France
536380,84029G,KNITTED UNION FLAG HOT WATER BOTTLE,6,2024-09-11 13:26:00,3.39,12039.0,United Kingdom
536380,22423,REGENCY CAKESTAND 3 TIER,12,2024-09-11 13:26:00,12.75,12039.0,United Kingdom
536381,22752,SET 7 BABUSHKA NESTING BOXES,19,2024-05-12 19:05:00,7.65,12048.0,United Kingdom
536382,23298,SPOTTY BUNTING,19,2024-11-27 13:41:00,4.95,12029.0,United Kingdom
536382,84029G,KNITTED UNION FLAG HOT WATER BOTTLE,15,2024-11-27 13:41:00,3.39,12029.0,United Kingdom
536383,71053,WHITE METAL LANTERN,2,2024-09-18 17:26:00,3.39,12020.0,France
536383,21730,GLASS STAR FROSTED T-LIGHT HOLDER,18,2024-09-18 17:26:00,4.25,12020.0,France
536384,22720,SET OF 3 CAKE TINS PANTRY DESIGN,12,2024-06-15 16:12:00,4.95,12010.0,France
536384,22632,HAND WARMER RED POLKA DOT,4,2024-06-15 16:12:00,1.85,12010.0,France
536385,85099B,JUMBO BAG RED RETROSPOT,9,2024-11-08 08:45:00,1.95,12037.0,United Kingdom
536385,84029E,RED WOOLLY HOTTIE WHITE HEART,12,2024-11-08 08:45:00,3.39,12037.0,United Kingdom
536385,84406B,CREAM CUPID HEARTS COAT HANGER,12,2024-11-08 08:45:00,2.75,12037.0,United Kingdom
536385,71053,WHITE METAL LANTERN,13,2024-11-08 08:45:00,3.39,12037.0,United Kingdom
536386,84406B,CREAM CUPID HEARTS COAT HANGER,10,2024-01-31 17:24:00,2.75,12050.0,Germany
536387,84406B,CREAM CUPID HEARTS COAT HANGER,12,2024-04-30 15:08:00,2.75,12015.0,France
536388,21730,GLASS STAR FROSTED T-LIGHT HOLDER,7,2024-03-03 11:55:00,4.25,12063.0,Spain
536388,85099B,JUMBO BAG RED RETROSPOT,12,2024-03-03 11:55:00,1.95,12063.0,Spain
536388,84029E,RED WOOLLY HOTTIE WHITE HEART,1,2024-03-03 11:55:00,3.39,12063.0,Spain
536389,85123A,WHITE HANGING HEART T-LIGHT HOLDER,2,2024-12-15 13:28:00,2.95,12012.0,United Kingdom
536389,84029E,RED WOOLLY HOTTIE WHITE HEART,10,2024-12-15 13:28:00,3.39,12012.0,United Kingdom
536389,22423,REGENCY CAKESTAND 3 TIER,10,2024-12-15 13:28:00,12.75,12012.0,United Kingdom
536389,21730,GLASS STAR FROSTED T-LIGHT HOLDER,18,2024-12-15 13:28:00,4.25,12012.0,United Kingdom
536390,47566,PARTY BUNTING,7,2024-07-27 14:28:00,4.65,12012.0,Germany
536390,22632,HAND WARMER RED POLKA DOT,10,2024-07-27 14:28:00,1.85,12012.0,Germany
536391,85123A,WHITE HANGING HEART T-LIGHT HOLDER,18,2024-06-09 11:01:00,2.95,12067.0,United Kingdom
536391,22632,HAND WARMER RED POLKA DOT,3,2024-06-09 11:01:00,1.85,12067.0,United Kingdom
536391,84029E,RED WOOLLY HOTTIE WHITE HEART,11,2024-06-09 11:01:00,3.39,12067.0,United Kingdom
536391,84029E,RED WOOLLY HOTTIE WHITE HEART,3,2024-06-09 11:01:00,3.39,12067.0,United Kingdom
536391,85099B,JUMBO BAG RED RETROSPOT,13,2024-06-09 11:01:00,1.95,12067.0,United Kingdom
536392,47566,PARTY BUNTING,15,2024-04-12 10:39:00,4.65,12009.0,France
536392,84029E,RED WOOLLY HOTTIE WHITE HEART,3,2024-04-12 10:39:00,3.39,12009.0,France
536392,85099B,JUMBO BAG RED RETROSPOT,18,2024-04-12 10:39:00,1.95,12009.0,France
536392,47566,PARTY BUNTING,5,2024-04-12 10:39:00,4.65,12009.0,France
536393,84029E,RED WOOLLY HOTTIE WHITE HEART,16,2024-01-14 09:33:00,3.39,12018.0,United Kingdom
536393,21730,GLASS STAR FROSTED T-LIGHT HOLDER,16,2024-01-14 09:33:00,4.25,12018.0,United Kingdom
536394,85099B,JUMBO BAG RED RETROSPOT,10,2024-04-25 10:57:00,1.95,12077.0,United Kingdom
536394,23203,JUMBO BAG DOILEY PATTERNS,5,2024-04-25 10:57:00,1.95,12077.0,United Kingdom
536395,84029E,RED WOOLLY HOTTIE WHITE HEART,9,2024-12-07 10:09:00,3.39,12079.0,United Kingdom
536396,22720,SET OF 3 CAKE TINS PANTRY DESIGN,17,2024-12-28 09:53:00,4.95,12077.0,United Kingdom
536396,84029G,KNITTED UNION FLAG HOT WATER BOTTLE,17,2024-12-28 09:53:00,3.39,12077.0,United Kingdom
536396,71053,WHITE METAL LANTERN,10,2024-12-28 09:53:00,3.39,12077.0,United Kingdom
536396,22633,HAND WARMER UNION JACK,7,2024-12-28 09:53:00,1.85,12077.0,United Kingdom
536397,23203,JUMBO BAG DOILEY PATTERNS,2,2024-10-08 12:39:00,1.95,12001.0,United Kingdom
536397,23298,SPOTTY BUNTING,15,2024-10-08 12:39:00,4.95,12001.0,United Kingdom
536398,85123A,WHITE HANGING HEART T-LIGHT HOLDER,3,2024-04-05 08:56:00,2.95,12030.0,Spain
536398,71053,WHITE METAL LANTERN,16,2024-04-05 08:56:00,3.39,12030.0,Spain
536399,22423,REGENCY CAKESTAND 3 TIER,17,2024-02-25 16:10:00,12.75,12071.0,United Kingdom
536399,85123A,WHITE HANGING HEART T-LIGHT HOLDER,4,2024-02-25 16:10:00,2.95,12071.0,United Kingdom
536399,84029E,RED WOOLLY HOTTIE WHITE HEART,6,2024-02-25 16:10:00,3.39,12071.0,United Kingdom
536400,21730,GLASS STAR FROSTED T-LIGHT HOLDER,3,2024-10-10 11:58:00,4.25,12079.0,United Kingdom
536400,47566,PARTY BUNTING,1,2024-10-10 11:58:00,4.65,12079.0,United Kingdom
536400,84406B,CREAM CUPID HEARTS COAT HANGER,5,2024-10-10 11:58:00,2.75,12079.0,United Kingdom
536401,84029E,RED WOOLLY HOTTIE WHITE HEART,10,2024-02-18 08:40:00,3.39,12022.0,Spain
536402,22720,SET OF 3 CAKE TINS PANTRY DESIGN,16,2024-09-10 17:34:00,4.95,12074.0,United Kingdom
536403,21730,GLASS STAR FROSTED T-LIGHT HOLDER,3,2024-09-18 09:44:00,4.25,12002.0,Germany
536404,71053,WHITE METAL LANTERN,10,2024-12-04 08:23:00,3.39,12045.0,Spain
536404,22633,HAND WARMER UNION JACK,13,2024-12-04 08:23:00,1.85,12045.0,Spain
536405,22633,HAND WARMER UNION JACK,1,2024-12-14 14:17:00,1.85,12025.0,Spain
536405,22632,HAND WARMER RED POLKA DOT,11,2024-12-14 14:17:00,1.85,12025.0,Spain
536405,84406B,CREAM CUPID HEARTS COAT HANGER,13,2024-12-14 14:17:00,2.75,12025.0,Spain
536405,22720,SET OF 3 CAKE TINS PANTRY DESIGN,3,2024-12-14 14:17:00,4.95,12025.0,Spain
536405,22423,REGENCY CAKESTAND 3 TIER,3,2024-12-14 14:17:00,12.75,12025.0,Spain
536406,84406B,CREAM CUPID HEARTS COAT HANGER,18,2024-06-01 08:57:00,2.75,12059.0,United Kingdom
536406,23298,SPOTTY BUNTING,16,2024-06-01 08:57:00,4.95,12059.0,United Kingdom
536406,21730,GLASS STAR FROSTED T-LIGHT HOLDER,9,2024-06-01 08:57:00,4.25,12059.0,United Kingdom
536407,84029E,RED WOOLLY HOTTIE WHITE HEART,16,2024-10-13 18:01:00,3.39,12050.0,United Kingdom
536408,23298,SPOTTY BUNTING,12,2024-10-17 13:13:00,4.95,12020.0,United Kingdom
536408,23203,JUMBO BAG DOILEY PATTERNS,17,2024-10-17 13:13:00,1.95,12020.0,United Kingdom
536408,23298,SPOTTY BUNTING,12,2024-10-17 13:13:00,4.95,12020.0,United Kingdom
536409,71053,WHITE METAL LANTERN,13,2024-05-30 09:22:00,3.39,12023.0,Spain
536409,47566,PARTY BUNTING,17,2024-05-30 09:22:00,4.65,12023.0,Spain
536409,84029E,RED WOOLLY HOTTIE WHITE HEART,9,2024-05-30 09:22:00,3.39,12023.0,Spain
536410,22720,SET OF 3 CAKE TINS PANTRY DESIGN,16,2024-03-31 11:14:00,4.95,12042.0,Spain
536410,47566,PARTY BUNTING,3,2024-03-31 11:14:00,4.65,12042.0,Spain
536410,23203,JUMBO BAG DOILEY PATTERNS,2,2024-03-31 11:14:00,1.95,12042.0,Spain
536410,22633,HAND WARMER UNION JACK,12,2024-03-31 11:14:00,1.85,12042.0,Spain
536411,23203,JUMBO BAG DOILEY PATTERNS,3,2024-02-23 10:49:00,1.95,12028.0,United Kingdom
536411,23203,JUMBO BAG DOILEY PATTERNS,18,2024-02-23 10:49:00,1.95,12028.0,United Kingdom
536412,21730,GLASS STAR FROSTED T-LIGHT HOLDER,3,2024-03-01 09:17:00,4.25,12047.0,United Kingdom
536413,22720,SET OF 3 CAKE TINS PANTRY DESIGN,2,2024-01-08 16:03:00,4.95,12043.0,United Kingdom
536414,22720,SET OF 3 CAKE TINS PANTRY DESIGN,7,2024-08-03 14:40:00,4.95,12034.0,Germany
536414,47566,PARTY BUNTING,10,2024-08-03 14:40:00,4.65,12034.0,Germany
536415,22633,HAND WARMER UNION JACK,4,2024-11-15 17:51:00,1.85,12058.0,United Kingdom
536416,47566,PARTY BUNTING,8,2024-03-27 10:14:00,4.65,12071.0,United Kingdom
536416,84029E,RED WOOLLY HOTTIE WHITE HEART,1,2024-03-27 10:14:00,3.39,12071.0,United Kingdom
536416,85123A,WHITE HANGING HEART T-LIGHT HOLDER,8,2024-03-27 10:14:00,2.95,12071.0,United Kingdom
536417,71053,WHITE METAL LANTERN,1,2024-07-10 18:06:00,3.39,12074.0,United Kingdom
536417,21730,GLASS STAR FROSTED T-LIGHT HOLDER,18,2024-07-10 18:06:00,4.25,12074.0,United Kingdom
536417,22423,REGENCY CAKESTAND 3 TIER,2,2024-07-10 18:06:00,12.75,12074.0,United Kingdom
536417,22720,SET OF 3 CAKE TINS PANTRY DESIGN,17,2024-07-10 18:06:00,4.95,12074.0,United Kingdom
536417,22720,SET OF 3 CAKE TINS PANTRY DESIGN,18,2024-07-10 18:06:00,4.95,12074.0,United Kingdom
536418,85099B,JUMBO BAG RED RETROSPOT,13,2024-12-23 11:48:00,1.95,12019.0,United Kingdom
536418,85099B,JUMBO BAG RED RETROSPOT,15,2024-12-23 11:48:00,1.95,12019.0,United Kingdom
536418,23298,SPOTTY BUNTING,3,2024-12-23 11:48:00,4.95,12019.0,United Kingdom
536418,22720,SET OF 3 CAKE TINS PANTRY DESIGN,11,2024-12-23 11:48:00,4.95,12019.0,United Kingdom
536419,23298,SPOTTY BUNTING,8,2024-07-06 19:51:00,4.95,12025.0,EIRE
536419,22423,REGENCY CAKESTAND 3 TIER,13,2024-07-06 19:51:00,12.75,12025.0,EIRE
536419,84029G,KNITTED UNION FLAG HOT WATER BOTTLE,6,2024-07-06 19:51:00,3.39,12025.0,EIRE
536420,85099B,JUMBO BAG RED RETROSPOT,5,2024-02-21 13:28:00,1.95,12004.0,United Kingdom
536420,22752,SET 7 BABUSHKA NESTING BOXES,7,2024-02-21 13:28:00,7.65,12004.0,United Kingdom
536420,22633,HAND WARMER UNION JACK,7,2024-02-21 13:28:00,1.85,12004.0,United Kingdom
536421,84029G,KNITTED UNION FLAG HOT WATER BOTTLE,6,2024-04-29 13:22:00,3.39,12058.0,United Kingdom
536421,23298,SPOTTY BUNTING,19,2024-04-29 13:22:00,4.95,12058.0,United Kingdom
536421,22423,REGENCY CAKESTAND 3 TIER,18,2024-04-29 13:22:00,12.75,12058.0,United Kingdom
536421,22720,SET OF 3 CAKE TINS PANTRY DESIGN,10,2024-04-29 13:22:00,4.95,12058.0,United Kingdom
536422,22633,HAND WARMER UNION JACK,13,2024-04-29 13:32:00,1.85,12061.0,Spain
536422,84029G,KNITTED UNION FLAG HOT WATER BOTTLE,16,2024-04-29 13:32:00,3.39,12061.0,Spain
536422,22632,HAND WARMER RED POLKA DOT,11,2024-04-29 13:32:00,1.85,12061.0,Spain
536422,23298,SPOTTY BUNTING,13,2024-04-29 13:32:00,4.95,12061.0,Spain
536422,71053,WHITE METAL LANTERN,6,2024-04-29 13:32:00,3.39,12061.0,Spain
536423,22633,HAND WARMER UNION JACK,17,2024-09-25 08:12:00,1.85,12014.0,United Kingdom
536423,23203,JUMBO BAG DOILEY PATTERNS,3,2024-09-25 08:12:00,1.95,12014.0,United Kingdom
536423,47566,PARTY BUNTING,12,2024-09-25 08:12:00,4.65,12014.0,United Kingdom
536423,85099B,JUMBO BAG RED RETROSPOT,2,2024-09-25 08:12:00,1.95,12014.0,United Kingdom
536424,22423,REGENCY CAKESTAND 3 TIER,3,2024-09-21 14:05:00,12.75,12049.0,United Kingdom
536424,47566,PARTY BUNTING,19,2024-09-21 14:05:00,4.65,12049.0,United Kingdom
536424,84406B,CREAM CUPID HEARTS COAT HANGER,16,2024-09-21 14:05:00,2.75,12049.0,United Kingdom
536424,21730,GLASS STAR FROSTED T-LIGHT HOLDER,12,2024-09-21 14:05:00,4.25,12049.0,United Kingdom
536424,21730,GLASS STAR FROSTED T-LIGHT HOLDER,15,2024-09-21 14:05:00,4.25,12049.0,United Kingdom
536425,22423,REGENCY CAKESTAND 3 TIER,12,2024-10-17 19:56:00,12.75,12079.0,United Kingdom
536425,85123A,WHITE HANGING HEART T-LIGHT HOLDER,2,2024-10-17 19:56:00,2.95,12079.0,United Kingdom
536426,85123A,WHITE HANGING HEART T-LIGHT HOLDER,11,2024-08-12 10:10:00,2.95,12041.0,United Kingdom
536426,22633,HAND WARMER UNION JACK,9,2024-08-12 10:10:00,1.85,12041.0,United Kingdom
536426,22423,REGENCY CAKESTAND 3 TIER,10,2024-08-12 10:10:00,12.75,12041.0,United Kingdom
536427,84029G,KNITTED UNION FLAG HOT WATER BOTTLE,12,2024-10-05 19:47:00,3.39,12058.0,United Kingdom
536427,84406B,CREAM CUPID HEARTS COAT HANGER,18,2024-10-05 19:47:00,2.75,12058.0,United Kingdom
536427,22720,SET OF 3 CAKE TINS PANTRY DESIGN,3,2024-10-05 19:47:00,4.95,12058.0,United Kingdom
536428,22423,REGENCY CAKESTAND 3 TIER,8,2024-02-12 16:05:00,12.75,12062.0,United Kingdom
536428,23203,JUMBO BAG DOILEY PATTERNS,15,2024-02-12 16:05:00,1.95,12062.0,United Kingdom
536428,84029G,KNITTED UNION FLAG HOT WATER BOTTLE,13,2024-02-12 16:05:00,3.39,12062.0,United Kingdom
536428,22423,REGENCY CAKESTAND 3 TIER,7,2024-02-12 16:05:00,12.75,12062.0,United Kingdom
536429,23298,SPOTTY BUNTING,7,2024-11-23 17:45:00,4.95,12059.0,United Kingdom
536429,22633,HAND WARMER UNION JACK,6,2024-11-23 17:45:00,1.85,12059.0,United Kingdom
536430,22632,HAND WARMER RED POLKA DOT,9,2024-02-27 19:08:00,1.85,12025.0,United Kingdom
536430,23298,SPOTTY BUNTING,8,2024-02-27 19:08:00,4.95,12025.0,United Kingdom
536430,71053,WHITE METAL LANTERN,14,2024-02-27 19:08:00,3.39,12025.0,United Kingdom
536430,84406B,CREAM CUPID HEARTS COAT HANGER,11,2024-02-27 19:08:00,2.75,12025.0,United Kingdom
536430,47566,PARTY BUNTING,18,2024-02-27 19:08:00,4.65,12025.0,United Kingdom
536431,85099B,JUMBO BAG RED RETROSPOT,19,2024-10-11 15:28:00,1.95,12028.0,United Kingdom
536431,85123A,WHITE HANGING HEART T-LIGHT HOLDER,14,2024-10-11 15:28:00,2.95,12028.0,United Kingdom
536432,23203,JUMBO BAG DOILEY PATTERNS,13,2024-12-13 13:07:00,1.95,12067.0,United Kingdom
536432,71053,WHITE METAL LANTERN,3,2024-12-13 13:07:00,3.39,12067.0,United Kingdom
536432,22633,HAND WARMER UNION JACK,12,2024-12-13 13:07:00,1.85,12067.0,United Kingdom
536432,85123A,WHITE HANGING HEART T-LIGHT HOLDER,14,2024-12-13 13:07:00,2.95,12067.0,United Kingdom
536432,22632,HAND WARMER RED POLKA DOT,1,2024-12-13 13:07:00,1.85,12067.0,United Kingdom
536433,47566,PARTY BUNTING,9,2024-06-14 16:49:00,4.65,12007.0,United Kingdom
536433,84029E,RED WOOLLY HOTTIE WHITE HEART,9,2024-06-14 16:49:00,3.39,12007.0,United Kingdom
536434,22632,HAND WARMER RED POLKA DOT,3,2024-04-20 14:55:00,1.85,,France
536434,22752,SET 7 BABUSHKA NESTING BOXES,19,2024-04-20 14:55:00,7.65,12000.0,France
536434,85123A,WHITE HANGING HEART T-LIGHT HOLDER,17,2024-04-20 14:55:00,2.95,12000.0,France
536434,22423,REGENCY CAKESTAND 3 TIER,6,2024-04-20 14:55:00,12.75,12000.0,France
536435,85123A,WHITE HANGING HEART T-LIGHT HOLDER,13,2024-11-01 08:06:00,2.95,12062.0,United Kingdom
536435,84406B,CREAM CUPID HEARTS COAT HANGER,13,2024-11-01 08:06:00,2.75,12062.0,United Kingdom
536435,85099B,JUMBO BAG RED RETROSPOT,2,2024-11-01 08:06:00,1.95,12062.0,United Kingdom
536435,22423,REGENCY CAKESTAND 3 TIER,18,2024-11-01 08:06:00,12.75,12062.0,United Kingdom
536435,22720,SET OF 3 CAKE TINS PANTRY DESIGN,1,2024-11-01 08:06:00,4.95,12062.0,United Kingdom
536436,22720,SET OF 3 CAKE TINS PANTRY DESIGN,4,2024-03-28 13:08:00,4.95,12019.0,EIRE
536436,85123A,WHITE HANGING HEART T-LIGHT HOLDER,18,2024-03-28 13:08:00,2.95,12019.0,EIRE
536436,84029E,RED WOOLLY HOTTIE WHITE HEART,13,2024-03-28 13:08:00,3.39,12019.0,EIRE
536436,23203,JUMBO BAG DOILEY PATTERNS,1,2024-03-28 13:08:00,1.95,12019.0,EIRE
536437,47566,PARTY BUNTING,16,2024-01-02 09:03:00,4.65,12000.0,Germany
536437,47566,PARTY BUNTING,5,2024-01-02 09:03:00,4.65,12000.0,Germany
536437,84029E,RED WOOLLY HOTTIE WHITE HEART,17,2024-01-02 09:03:00,3.39,12000.0,Germany
536437,84029G,KNITTED UNION FLAG HOT WATER BOTTLE,2,2024-01-02 09:03:00,3.39,12000.0,Germany
536438,22720,SET OF 3 CAKE TINS PANTRY DESIGN,14,2024-10-19 19:55:00,4.95,12053.0,United Kingdom
536438,22720,SET OF 3 CAKE TINS PANTRY DESIGN,16,2024-10-19 19:55:00,4.95,12053.0,United Kingdom
536438,21730,GLASS STAR FROSTED T-LIGHT HOLDER,1,2024-10-19 19:55:00,4.25,12053.0,United Kingdom
536438,21730,GLASS STAR FROSTED T-LIGHT HOLDER,4,2024-10-19 19:55:00,4.25,12053.0,United Kingdom
536439,22632,HAND WARMER RED POLKA DOT,12,2024-02-15 16:30:00,1.85,12009.0,United Kingdom
536439,71053,WHITE METAL LANTERN,17,2024-02-15 16:30:00,3.39,12009.0,United Kingdom
536439,21730,GLASS STAR FROSTED T-LIGHT HOLDER,3,2024-02-15 16:30:00,4.25,12009.0,United Kingdom
536439,22720,SET OF 3 CAKE TINS PANTRY DESIGN,14,2024-02-15 16:30:00,4.95,12009.0,United Kingdom
536440,22633,HAND WARMER UNION JACK,19,2024-03-11 08:16:00,1.85,12004.0,United Kingdom
536440,23298,SPOTTY BUNTING,12,2024-03-11 08:16:00,4.95,12004.0,United Kingdom
536440,22633,HAND WARMER UNION JACK,2,2024-03-11 08:16:00,1.85,12004.0,United Kingdom
536440,71053,WHITE METAL LANTERN,12,2024-03-11 08:16:00,3.39,12004.0,United Kingdom
536441,21730,GLASS STAR FROSTED T-LIGHT HOLDER,4,2024-01-16 10:53:00,4.25,12000.0,United Kingdom
536441,22752,SET 7 BABUSHKA NESTING BOXES,2,2024-01-16 10:53:00,7.65,12000.0,United Kingdom
536441,23298,SPOTTY BUNTING,4,2024-01-16 10:53:00,4.95,12000.0,United Kingdom
536441,22752,SET 7 BABUSHKA NESTING BOXES,19,2024-01-16 10:53:00,7.65,12000.0,United Kingdom
536442,23203,JUMBO BAG DOILEY PATTERNS,11,2024-06-16 14:47:00,1.95,12047.0,United Kingdom
536442,21730,GLASS STAR FROSTED T-LIGHT HOLDER,3,2024-06-16 14:47:00,4.25,12047.0,United Kingdom
536442,84029G,KNITTED UNION FLAG HOT WATER BOTTLE,18,2024-06-16 14:47:00,3.39,12047.0,United Kingdom
536442,22632,HAND WARMER RED POLKA DOT,6,2024-06-16 14:47:00,1.85,12047.0,United Kingdom
536443,21730,GLASS STAR FROSTED T-LIGHT HOLDER,18,2024-07-29 14:41:00,4.25,12033.0,United Kingdom
536443,84406B,CREAM CUPID HEARTS COAT HANGER,3,2024-07-29 14:41:00,2.75,12033.0,United Kingdom
536443,21730,GLASS STAR FROSTED T-LIGHT HOLDER,10,2024-07-29 14:41:00,4.25,12033.0,United Kingdom
536443,22423,REGENCY CAKESTAND 3 TIER,8,2024-07-29 14:41:00,12.75,12033.0,United Kingdom
536444,47566,PARTY BUNTING,6,2024-06-22 09:07:00,4.65,12073.0,Spain
536445,21730,GLASS STAR FROSTED T-LIGHT HOLDER,13,2024-04-21 15:25:00,4.25,12007.0,Germany
536445,47566,PARTY BUNTING,8,2024-04-21 15:25:00,4.65,12007.0,Germany
536445,84406B,CREAM CUPID HEARTS COAT HANGER,8,2024-04-21 15:25:00,2.75,12007.0,Germany
536445,22720,SET OF 3 CAKE TINS PANTRY DESIGN,5,2024-04-21 15:25:00,4.95,12007.0,Germany
536446,84029E,RED WOOLLY HOTTIE WHITE HEART,8,2024-08-02 15:19:00,3.39,12075.0,Spain
536447,22752,SET 7 BABUSHKA NESTING BOXES,11,2024-06-22 09:13:00,7.65,12038.0,United Kingdom
536447,22632,HAND WARMER RED POLKA DOT,14,2024-06-22 09:13:00,1.85,12038.0,United Kingdom
536447,22632,HAND WARMER RED POLKA DOT,13,2024-06-22 09:13:00,1.85,12038.0,United Kingdom
536448,22752,SET 7 BABUSHKA NESTING BOXES,11,2024-08-26 15:18:00,7.65,12046.0,United Kingdom
536448,84406B,CREAM CUPID HEARTS COAT HANGER,9,2024-08-26 15:18:00,2.75,12046.0,United Kingdom
536448,22633,HAND WARMER UNION JACK,12,2024-08-26 15:18:00,1.85,12046.0,United Kingdom
536448,22633,HAND WARMER UNION JACK,7,2024-08-26 15:18:00,1.85,12046.0,United Kingdom
536449,71053,WHITE METAL LANTERN,18,2024-07-06 17:44:00,3.39,12076.0,United Kingdom
536449,22720,SET OF 3 CAKE TINS PANTRY DESIGN,10,2024-07-06 17:44:00,4.95,12076.0,United Kingdom
536449,23298,SPOTTY BUNTING,10,2024-07-06 17:44:00,4.95,12076.0,United Kingdom
536449,84029E,RED WOOLLY HOTTIE WHITE HEART,16,2024-07-06 17:44:00,3.39,12076.0,United Kingdom
536449,84029G,KNITTED UNION FLAG HOT WATER BOTTLE,6,2024-07-06 17:44:00,3.39,12076.0,United Kingdom
536450,85123A,WHITE HANGING HEART T-LIGHT HOLDER,2,2024-11-01 12:29:00,2.95,12041.0,United Kingdom
536451,22632,HAND WARMER RED POLKA DOT,7,2024-11-03 17:03:00,1.85,12069.0,United Kingdom
536451,22633,HAND WARMER UNION JACK,4,2024-11-03 17:03:00,1.85,12069.0,United Kingdom
536452,21730,GLASS STAR FROSTED T-LIGHT HOLDER,16,2024-04-24 08:44:00,4.25,12058.0,EIRE
536453,84029G,KNITTED UNION FLAG HOT WATER BOTTLE,12,2024-11-08 12:22:00,3.39,12056.0,France
536454,71053,WHITE METAL LANTERN,19,2024-02-13 14:21:00,3.39,12053.0,United Kingdom
536454,21730,GLASS STAR FROSTED T-LIGHT HOLDER,15,2024-02-13 14:21:00,4.25,12053.0,United Kingdom
536454,21730,GLASS STAR FROSTED T-LIGHT HOLDER,6,2024-02-13 14:21:00,4.25,12053.0,United Kingdom
536454,23298,SPOTTY BUNTING,14,2024-02-13 14:21:00,4.95,12053.0,United Kingdom
536454,84406B,CREAM CUPID HEARTS COAT HANGER,14,2024-02-13 14:21:00,2.75,12053.0,United Kingdom
536455,22423,REGENCY CAKESTAND 3 TIER,4,2024-05-21 19:38:00,12.75,12060.0,United Kingdom
536456,21730,GLASS STAR FROSTED T-LIGHT HOLDER,16,2024-07-10 13:09:00,4.25,12060.0,France
536457,22720,SET OF 3 CAKE TINS PANTRY DESIGN,19,2024-12-27 19:33:00,4.95,12073.0,United Kingdom
536457,85099B,JUMBO BAG RED RETROSPOT,3,2024-12-27 19:33:00,1.95,12073.0,United Kingdom
536457,22633,HAND WARMER UNION JACK,9,2024-12-27 19:33:00,1.85,12073.0,United Kingdom
536457,22720,SET OF 3 CAKE TINS PANTRY DESIGN,8,2024-12-27 19:33:00,4.95,12073.0,United Kingdom
536457,84029E,RED WOOLLY HOTTIE WHITE HEART,2,2024-12-27 19:33:00,3.39,12073.0,United Kingdom
536458,23203,JUMBO BAG DOILEY PATTERNS,3,2024-10-02 08:26:00,1.95,12066.0,United Kingdom
536458,84029E,RED WOOLLY HOTTIE WHITE HEART,4,2024-10-02 08:26:00,3.39,12066.0,United Kingdom
536458,84029G,KNITTED UNION FLAG HOT WATER BOTTLE,18,2024-10-02 08:26:00,3.39,12066.0,United Kingdom
536459,84406B,CREAM CUPID HEARTS COAT HANGER,10,2024-01-17 15:13:00,2.75,12075.0,United Kingdom
536459,47566,PARTY BUNTING,12,2024-01-17 15:13:00,4.65,12075.0,United Kingdom
536460,22720,SET OF 3 CAKE TINS PANTRY DESIGN,17,2024-06-29 08:05:00,4.95,12057.0,United Kingdom
536460,22720,SET OF 3 CAKE TINS PANTRY DESIGN,13,2024-06-29 08:05:00,4.95,12057.0,United Kingdom
536461,85099B,JUMBO BAG RED RETROSPOT,2,2024-08-24 12:40:00,1.95,12044.0,Germany
536461,22423,REGENCY CAKESTAND 3 TIER,7,2024-08-24 12:40:00,12.75,12044.0,Germany
536461,23298,SPOTTY BUNTING,11,2024-08-24 12:40:00,4.95,12044.0,Germany
536461,23203,JUMBO BAG DOILEY PATTERNS,7,2024-08-24 12:40:00,1.95,12044.0,Germany
536462,22423,REGENCY CAKESTAND 3 TIER,17,2024-11-04 11:28:00,12.75,12074.0,United Kingdom
536462,22752,SET 7 BABUSHKA NESTING BOXES,10,2024-11-04 11:28:00,7.65,12074.0,United Kingdom
536462,21730,GLASS STAR FROSTED T-LIGHT HOLDER,18,2024-11-04 11:28:00,4.25,12074.0,United Kingdom
536462,84029E,RED WOOLLY HOTTIE WHITE HEART,12,2024-11-04 11:28:00,3.39,12074.0,United Kingdom
536463,22720,SET OF 3 CAKE TINS PANTRY DESIGN,11,2024-11-06 12:20:00,4.95,12009.0,United Kingdom
536463,22633,HAND WARMER UNION JACK,2,2024-11-06 12:20:00,1.85,12009.0,United Kingdom
536463,85123A,WHITE HANGING HEART T-LIGHT HOLDER,8,2024-11-06 12:20:00,2.95,12009.0,United Kingdom
536464,85123A,WHITE HANGING HEART T-LIGHT HOLDER,7,2024-11-30 15:37:00,2.95,12079.0,United Kingdom
536465,22423,REGENCY CAKESTAND 3 TIER,9,2024-03-10 11:01:00,12.75,12025.0,United Kingdom
536465,21730,GLASS STAR FROSTED T-LIGHT HOLDER,6,2024-03-10 11:01:00,4.25,12025.0,United Kingdom
536465,84406B,CREAM CUPID HEARTS COAT HANGER,12,2024-03-10 11:01:00,2.75,12025.0,United Kingdom
536465,22632,HAND WARMER RED POLKA DOT,1,2024-03-10 11:01:00,1.85,12025.0,United Kingdom
536465,21730,GLASS STAR FROSTED T-LIGHT HOLDER,6,2024-03-10 11:01:00,4.25,12025.0,United Kingdom
536466,22720,SET OF 3 CAKE TINS PANTRY DESIGN,12,2024-09-13 14:38:00,4.95,12013.0,France
536466,23203,JUMBO BAG DOILEY PATTERNS,10,2024-09-13 14:38:00,1.95,12013.0,France
536466,47566,PARTY BUNTING,15,2024-09-13 14:38:00,4.65,12013.0,France
536466,85099B,JUMBO BAG RED RETROSPOT,18,2024-09-13 14:38:00,1.95,12013.0,France
536466,22633,HAND WARMER UNION JACK,14,2024-09-13 14:38:00,1.85,12013.0,France
536467,71053,WHITE METAL LANTERN,3,2024-12-17 15:46:00,3.39,12022.0,United Kingdom
536467,22633,HAND WARMER UNION JACK,14,2024-12-17 15:46:00,1.85,12022.0,United Kingdom
536467,22720,SET OF 3 CAKE TINS PANTRY DESIGN,9,2024-12-17 15:46:00,4.95,12022.0,United Kingdom
536467,85099B,JUMBO BAG RED RETROSPOT,11,2024-12-17 15:46:00,1.95,12022.0,United Kingdom
536467,47566,PARTY BUNTING,13,2024-12-17 15:46:00,4.65,12022.0,United Kingdom
536468,22720,SET OF 3 CAKE TINS PANTRY DESIGN,14,2024-12-19 09:59:00,4.95,12033.0,United Kingdom
536468,47566,PARTY BUNTING,15,2024-12-19 09:59:00,4.65,12033.0,United Kingdom
536469,22633,HAND WARMER UNION JACK,15,2024-05-06 08:07:00,1.85,12050.0,United Kingdom
536470,84029E,RED WOOLLY HOTTIE WHITE HEART,19,2024-06-27 18:59:00,3.39,12077.0,EIRE
536470,84029G,KNITTED UNION FLAG HOT WATER BOTTLE,8,2024-06-27 18:59:00,3.39,12077.0,EIRE
536470,71053,WHITE METAL LANTERN,16,2024-06-27 18:59:00,3.39,12077.0,EIRE
536471,84029G,KNITTED UNION FLAG HOT WATER BOTTLE,18,2024-01-31 10:33:00,3.39,12051.0,United Kingdom
536471,21730,GLASS STAR FROSTED T-LIGHT HOLDER,16,2024-01-31 10:33:00,4.25,12051.0,United Kingdom
536471,84029G,KNITTED UNION FLAG HOT WATER BOTTLE,1,2024-01-31 10:33:00,3.39,12051.0,United Kingdom
536471,85123A,WHITE HANGING HEART T-LIGHT HOLDER,8,2024-01-31 10:33:00,2.95,12051.0,United Kingdom
536471,47566,PARTY BUNTING,1,2024-01-31 10:33:00,4.65,12051.0,United Kingdom
536472,85099B,JUMBO BAG RED RETROSPOT,15,2024-02-09 19:40:00,1.95,12029.0,Germany
536472,85123A,WHITE HANGING HEART T-LIGHT HOLDER,17,2024-02-09 19:40:00,2.95,12029.0,Germany
536472,23298,SPOTTY BUNTING,15,2024-02-09 19:40:00,4.95,12029.0,Germany
536472,22752,SET 7 BABUSHKA NESTING BOXES,16,2024-02-09 19:40:00,7.65,12029.0,Germany
536473,84029G,KNITTED UNION FLAG HOT WATER BOTTLE,17,2024-01-18 18:14:00,3.39,12030.0,United Kingdom
536473,21730,GLASS STAR FROSTED T-LIGHT HOLDER,1,2024-01-18 18:14:00,4.25,12030.0,United Kingdom
536473,47566,PARTY BUNTING,10,2024-01-18 18:14:00,4.65,12030.0,United Kingdom
536473,84029G,KNITTED UNION FLAG HOT WATER BOTTLE,13,2024-01-18 18:14:00,3.39,12030.0,United Kingdom
536474,85099B,JUMBO BAG RED RETROSPOT,13,2024-01-11 17:24:00,1.95,12042.0,France
536474,84029G,KNITTED UNION FLAG HOT WATER BOTTLE,5,2024-01-11 17:24:00,3.39,12042.0,France
536474,21730,GLASS STAR FROSTED T-LIGHT HOLDER,17,2024-01-11 17:24:00,4.25,12042.0,France
536474,22633,HAND WARMER UNION JACK,7,2024-01-11 17:24:00,1.85,12042.0,France
536474,23298,SPOTTY BUNTING,17,2024-01-11 17:24:00,4.95,12042.0,France
536475,71053,WHITE METAL LANTERN,6,2024-04-19 16:35:00,3.39,12072.0,United Kingdom
536475,22632,HAND WARMER RED POLKA DOT,17,2024-04-19 16:35:00,1.85,12072.0,United Kingdom
536476,21730,GLASS STAR FROSTED T-LIGHT HOLDER,14,2024-03-09 16:05:00,4.25,12069.0,France
536476,21730,GLASS STAR FROSTED T-LIGHT HOLDER,16,2024-03-09 16:05:00,4.25,12069.0,France
536477,22632,HAND WARMER RED POLKA DOT,3,2024-12-30 15:17:00,1.85,12042.0,Germany
536477,71053,WHITE METAL LANTERN,11,2024-12-30 15:17:00,3.39,12042.0,Germany
536477,84406B,CREAM CUPID HEARTS COAT HANGER,19,2024-12-30 15:17:00,2.75,12042.0,Germany
536478,22633,HAND WARMER UNION JACK,18,2024-09-12 16:35:00,1.85,12068.0,United Kingdom
536478,84029G,KNITTED UNION FLAG HOT WATER BOTTLE,10,2024-09-12 16:35:00,3.39,12068.0,United Kingdom
536479,22752,SET 7 BABUSHKA NESTING BOXES,4,2024-02-19 09:21:00,7.65,12027.0,United Kingdom
536480,23203,JUMBO BAG DOILEY PATTERNS,7,2024-01-07 11:27:00,1.95,12044.0,Spain
536480,21730,GLASS STAR FROSTED T-LIGHT HOLDER,8,2024-01-07 11:27:00,4.25,12044.0,Spain
536480,23203,JUMBO BAG DOILEY PATTERNS,19,2024-01-07 11:27:00,1.95,12044.0,Spain
536480,47566,PARTY BUNTING,15,2024-01-07 11:27:00,4.65,12044.0,Spain
536481,22752,SET 7 BABUSHKA NESTING BOXES,5,2024-07-16 19:17:00,7.65,12040.0,United Kingdom
536481,22632,HAND WARMER RED POLKA DOT,7,2024-07-16 19:17:00,1.85,12040.0,United Kingdom
536481,23203,JUMBO BAG DOILEY PATTERNS,18,2024-07-16 19:17:00,1.95,12040.0,United Kingdom
536481,84029E,RED WOOLLY HOTTIE WHITE HEART,11,2024-07-16 19:17:00,3.39,12040.0,United Kingdom
536481,47566,PARTY BUNTING,15,2024-07-16 19:17:00,4.65,12040.0,United Kingdom
536482,22720,SET OF 3 CAKE TINS PANTRY DESIGN,5,2024-08-03 15:39:00,4.95,12017.0,United Kingdom
536482,84029E,RED WOOLLY HOTTIE WHITE HEART,7,2024-08-03 15:39:00,3.39,12017.0,United Kingdom
536483,85123A,WHITE HANGING HEART T-LIGHT HOLDER,11,2024-02-26 12:52:00,2.95,12014.0,United Kingdom
536483,84029G,KNITTED UNION FLAG HOT WATER BOTTLE,16,2024-02-26 12:52:00,3.39,12014.0,United Kingdom
536484,47566,PARTY BUNTING,19,2024-10-13 15:26:00,4.65,12046.0,EIRE
536484,22632,HAND WARMER RED POLKA DOT,13,2024-10-13 15:26:00,1.85,12046.0,EIRE
536484,84029G,KNITTED UNION FLAG HOT WATER BOTTLE,16,2024-10-13 15:26:00,3.39,12046.0,EIRE
536485,84406B,CREAM CUPID HEARTS COAT HANGER,11,2024-11-25 11:47:00,2.75,12053.0,United Kingdom
536486,23298,SPOTTY BUNTING,10,2024-02-07 13:39:00,4.95,12025.0,United Kingdom
536486,47566,PARTY BUNTING,9,2024-02-07 13:39:00,4.65,12025.0,United Kingdom
536486,84406B,CREAM CUPID HEARTS COAT HANGER,1,2024-02-07 13:39:00,2.75,12025.0,United Kingdom
536486,47566,PARTY BUNTING,19,2024-02-07 13:39:00,4.65,12025.0,United Kingdom
536486,23298,SPOTTY BUNTING,2,2024-02-07 13:39:00,4.95,12025.0,United Kingdom
536487,47566,PARTY BUNTING,9,2024-01-15 08:14:00,4.65,12023.0,United Kingdom
536488,22720,SET OF 3 CAKE TINS PANTRY DESIGN,3,2024-07-07 17:18:00,4.95,12021.0,United Kingdom
536489,21730,GLASS STAR FROSTED T-LIGHT HOLDER,4,2024-05-20 17:03:00,4.25,12050.0,EIRE
536489,47566,PARTY BUNTING,6,2024-05-20 17:03:00,4.65,12050.0,EIRE
536489,22633,HAND WARMER UNION JACK,8,2024-05-20 17:03:00,1.85,12050.0,EIRE
536489,84029G,KNITTED UNION FLAG HOT WATER BOTTLE,8,2024-05-20 17:03:00,3.39,12050.0,EIRE
536490,84406B,CREAM CUPID HEARTS COAT HANGER,1,2024-01-01 11:06:00,2.75,12012.0,United Kingdom
536490,71053,WHITE METAL LANTERN,10,2024-01-01 11:06:00,3.39,12012.0,United Kingdom
536490,84029E,RED WOOLLY HOTTIE WHITE HEART,10,2024-01-01 11:06:00,3.39,12012.0,United Kingdom
536490,85123A,WHITE HANGING HEART T-LIGHT HOLDER,7,2024-01-01 11:06:00,2.95,12012.0,United Kingdom
536490,21730,GLASS STAR FROSTED T-LIGHT HOLDER,9,2024-01-01 11:06:00,4.25,,United Kingdom
536491,84029G,KNITTED UNION FLAG HOT WATER BOTTLE,7,2024-10-11 13:50:00,3.39,12044.0,United Kingdom
536491,22632,HAND WARMER RED POLKA DOT,5,2024-10-11 13:50:00,1.85,12044.0,United Kingdom
536492,23298,SPOTTY BUNTING,7,2024-06-24 18:40:00,4.95,12073.0,United Kingdom
536492,84029G,KNITTED UNION FLAG HOT WATER BOTTLE,18,2024-06-24 18:40:00,3.39,12073.0,United Kingdom
536493,84406B,CREAM CUPID HEARTS COAT HANGER,3,2024-01-18 13:27:00,2.75,12038.0,EIRE
536493,85099B,JUMBO BAG RED RETROSPOT,1,2024-01-18 13:27:00,1.95,12038.0,EIRE
536493,84029E,RED WOOLLY HOTTIE WHITE HEART,3,2024-01-18 13:27:00,3.39,12038.0,EIRE
536493,85123A,WHITE HANGING HEART T-LIGHT HOLDER,18,2024-01-18 13:27:00,2.95,12038.0,EIRE
536494,84406B,CREAM CUPID HEARTS COAT HANGER,3,2024-01-04 19:11:00,2.75,12007.0,Germany
536495,84029G,KNITTED UNION FLAG HOT WATER BOTTLE,12,2024-08-14 13:14:00,3.39,12056.0,United Kingdom
536495,22423,REGENCY CAKESTAND 3 TIER,17,2024-08-14 13:14:00,12.75,12056.0,United Kingdom
536495,22633,HAND WARMER UNION JACK,1,2024-08-14 13:14:00,1.85,12056.0,United Kingdom
536496,23203,JUMBO BAG DOILEY PATTERNS,15,2024-11-07 14:37:00,1.95,12022.0,United Kingdom
536497,22632,HAND WARMER RED POLKA DOT,9,2024-11-08 11:15:00,1.85,12079.0,United Kingdom
536497,47566,PARTY BUNTING,12,2024-11-08 11:15:00,4.65,12079.0,United Kingdom
536497,23203,JUMBO BAG DOILEY PATTERNS,19,2024-11-08 11:15:00,1.95,12079.0,United Kingdom
536497,71053,WHITE METAL LANTERN,7,2024-11-08 11:15:00,3.39,12079.0,United Kingdom
536497,23298,SPOTTY BUNTING,16,2024-11-08 11:15:00,4.95,12079.0,United Kingdom
536498,84029E,RED WOOLLY HOTTIE WHITE HEART,5,2024-04-26 14:47:00,3.39,12011.0,United Kingdom
536498,22633,HAND WARMER UNION JACK,8,2024-04-26 14:47:00,1.85,12011.0,United Kingdom
536498,85099B,JUMBO BAG RED RETROSPOT,7,2024-04-26 14:47:00,1.95,12011.0,United Kingdom
536498,22720,SET OF 3 CAKE TINS PANTRY DESIGN,2,2024-04-26 14:47:00,4.95,12011.0,United Kingdom
536499,22423,REGENCY CAKESTAND 3 TIER,4,2024-01-11 16:20:00,12.75,12068.0,United Kingdom
536500,22720,SET OF 3 CAKE TINS PANTRY DESIGN,7,2024-09-21 18:42:00,4.95,12052.0,United Kingdom
536500,71053,WHITE METAL LANTERN,17,2024-09-21 18:42:00,3.39,12052.0,United Kingdom
536500,84406B,CREAM CUPID HEARTS COAT HANGER,12,2024-09-21 18:42:00,2.75,12052.0,United Kingdom
536500,84029G,KNITTED UNION FLAG HOT WATER BOTTLE,3,2024-09-21 18:42:00,3.39,12052.0,United Kingdom
536501,23298,SPOTTY BUNTING,10,2024-02-22 16:41:00,4.95,12062.0,United Kingdom
536502,22632,HAND WARMER RED POLKA DOT,19,2024-12-27 11:00:00,1.85,12009.0,Spain
536503,71053,WHITE METAL LANTERN,17,2024-08-01 12:07:00,3.39,12046.0,United Kingdom
536503,21730,GLASS STAR FROSTED T-LIGHT HOLDER,11,2024-08-01 12:07:00,4.25,12046.0,United Kingdom
536503,84406B,CREAM CUPID HEARTS COAT HANGER,12,2024-08-01 12:07:00,2.75,12046.0,United Kingdom
536503,84406B,CREAM CUPID HEARTS COAT HANGER,6,2024-08-01 12:07:00,2.75,12046.0,United Kingdom
536503,22423,REGENCY CAKESTAND 3 TIER,1,2024-08-01 12:07:00,12.75,12046.0,United Kingdom
536504,47566,PARTY BUNTING,16,2024-08-05 09:17:00,4.65,12035.0,United Kingdom
536504,84406B,CREAM CUPID HEARTS COAT HANGER,1,2024-08-05 09:17:00,2.75,12035.0,United Kingdom
536504,85123A,WHITE HANGING HEART T-LIGHT HOLDER,12,2024-08-05 09:17:00,2.95,12035.0,United Kingdom
536504,84406B,CREAM CUPID HEARTS COAT HANGER,5,2024-08-05 09:17:00,2.75,12035.0,United Kingdom
536505,84406B,CREAM CUPID HEARTS COAT HANGER,11,2024-11-14 18:15:00,2.75,12067.0,United Kingdom
536505,22633,HAND WARMER UNION JACK,8,2024-11-14 18:15:00,1.85,12067.0,United Kingdom
536505,23298,SPOTTY BUNTING,13,2024-11-14 18:15:00,4.95,12067.0,United Kingdom
536505,22633,HAND WARMER UNION JACK,14,2024-11-14 18:15:00,1.85,12067.0,United Kingdom
536506,84406B,CREAM CUPID HEARTS COAT HANGER,8,2024-07-25 11:45:00,2.75,12061.0,France
536506,23203,JUMBO BAG DOILEY PATTERNS,10,2024-07-25 11:45:00,1.95,12061.0,France
536506,47566,PARTY BUNTING,1,2024-07-25 11:45:00,4.65,12061.0,France
536506,85123A,WHITE HANGING HEART T-LIGHT HOLDER,16,2024-07-25 11:45:00,2.95,12061.0,France
536506,22752,SET 7 BABUSHKA NESTING BOXES,10,2024-07-25 11:45:00,7.65,12061.0,France
536507,85099B,JUMBO BAG RED RETROSPOT,8,2024-05-28 19:05:00,1.95,12034.0,Germany
536507,84406B,CREAM CUPID HEARTS COAT HANGER,13,2024-05-28 19:05:00,2.75,12034.0,Germany
536507,22633,HAND WARMER UNION JACK,3,2024-05-28 19:05:00,1.85,12034.0,Germany
536507,22752,SET 7 BABUSHKA NESTING BOXES,19,2024-05-28 19:05:00,7.65,12034.0,Germany
536507,84029G,KNITTED UNION FLAG HOT WATER BOTTLE,4,2024-05-28 19:05:00,3.39,12034.0,Germany
536508,84029G,KNITTED UNION FLAG HOT WATER BOTTLE,5,2024-03-13 19:51:00,3.39,12054.0,Spain
536508,22752,SET 7 BABUSHKA NESTING BOXES,9,2024-03-13 19:51:00,7.65,12054.0,Spain
536508,23203,JUMBO BAG DOILEY PATTERNS,14,2024-03-13 19:51:00,1.95,12054.0,Spain
536508,85099B,JUMBO BAG RED RETROSPOT,17,2024-03-13 19:51:00,1.95,12054.0,Spain
536508,85099B,JUMBO BAG RED RETROSPOT,8,2024-03-13 19:51:00,1.95,12054.0,Spain
536509,22632,HAND WARMER RED POLKA DOT,15,2024-07-07 09:44:00,1.85,12033.0,United Kingdom
536509,47566,PARTY BUNTING,11,2024-07-07 09:44:00,4.65,12033.0,United Kingdom
536509,21730,GLASS STAR FROSTED T-LIGHT HOLDER,2,2024-07-07 09:44:00,4.25,12033.0,United Kingdom
536509,23298,SPOTTY BUNTING,18,2024-07-07 09:44:00,4.95,12033.0,United Kingdom
536510,85123A,WHITE HANGING HEART T-LIGHT HOLDER,4,2024-11-11 18:47:00,2.95,12055.0,United Kingdom
536511,47566,PARTY BUNTING,8,2024-09-28 13:01:00,4.65,12034.0,United Kingdom
536511,22720,SET OF 3 CAKE TINS PANTRY DESIGN,14,2024-09-28 13:01:00,4.95,12034.0,United Kingdom
536511,23203,JUMBO BAG DOILEY PATTERNS,17,2024-09-28 13:01:00,1.95,12034.0,United Kingdom
536511,85099B,JUMBO BAG RED RETROSPOT,8,2024-09-28 13:01:00,1.95,12034.0,United Kingdom
536511,85099B,JUMBO BAG RED RETROSPOT,7,2024-09-28 13:01:00,1.95,12034.0,United Kingdom
536512,85123A,WHITE HANGING HEART T-LIGHT HOLDER,12,2024-08-10 14:34:00,2.95,12027.0,United Kingdom
536512,22632,HAND WARMER RED POLKA DOT,18,2024-08-10 14:34:00,1.85,12027.0,United Kingdom
536512,22633,HAND WARMER UNION JACK,9,2024-08-10 14:34:00,1.85,12027.0,United Kingdom
536513,23298,SPOTTY BUNTING,3,2024-03-12 12:22:00,4.95,12005.0,United Kingdom
536513,84029E,RED WOOLLY HOTTIE WHITE HEART,4,2024-03-12 12:22:00,3.39,12005.0,United Kingdom
536514,22423,REGENCY CAKESTAND 3 TIER,5,2024-09-06 08:20:00,12.75,12024.0,United Kingdom
536514,84406B,CREAM CUPID HEARTS COAT HANGER,2,2024-09-06 08:20:00,2.75,12024.0,United Kingdom
536514,22633,HAND WARMER UNION JACK,15,2024-09-06 08:20:00,1.85,12024.0,United Kingdom
536514,22632,HAND WARMER RED POLKA DOT,17,2024-09-06 08:20:00,1.85,12024.0,United Kingdom
536514,22752,SET 7 BABUSHKA NESTING BOXES,6,2024-09-06 08:20:00,7.65,12024.0,United Kingdom
536515,85123A,WHITE HANGING HEART T-LIGHT HOLDER,9,2024-03-14 19:11:00,2.95,12038.0,United Kingdom
536515,21730,GLASS STAR FROSTED T-LIGHT HOLDER,5,2024-03-14 19:11:00,4.25,12038.0,United Kingdom
536515,71053,WHITE METAL LANTERN,1,2024-03-14 19:11:00,3.39,12038.0,United Kingdom
536516,22423,REGENCY CAKESTAND 3 TIER,10,2024-06-24 09:57:00,12.75,12000.0,United Kingdom
536516,23203,JUMBO BAG DOILEY PATTERNS,3,2024-06-24 09:57:00,1.95,12000.0,United Kingdom
536516,84029G,KNITTED UNION FLAG HOT WATER BOTTLE,5,2024-06-24 09:57:00,3.39,12000.0,United Kingdom
536516,84406B,CREAM CUPID HEARTS COAT HANGER,6,2024-06-24 09:57:00,2.75,12000.0,United Kingdom
536517,71053,WHITE METAL LANTERN,19,2024-10-06 11:52:00,3.39,12025.0,Germany
536517,85099B,JUMBO BAG RED RETROSPOT,19,2024-10-06 11:52:00,1.95,12025.0,Germany
536517,22752,SET 7 BABUSHKA NESTING BOXES,19,2024-10-06 11:52:00,7.65,12025.0,Germany
536517,22632,HAND WARMER RED POLKA DOT,2,2024-10-06 11:52:00,1.85,12025.0,Germany
536517,21730,GLASS STAR FROSTED T-LIGHT HOLDER,3,2024-10-06 11:52:00,4.25,12025.0,Germany
536518,22720,SET OF 3 CAKE TINS PANTRY DESIGN,17,2024-04-21 10:33:00,4.95,12075.0,United Kingdom
536519,71053,WHITE METAL LANTERN,5,2024-08-13 12:32:00,3.39,12059.0,United Kingdom
536520,22633,HAND WARMER UNION JACK,14,2024-02-28 09:51:00,1.85,12036.0,United Kingdom
536520,23298,SPOTTY BUNTING,6,2024-02-28 09:51:00,4.95,12036.0,United Kingdom
536520,22720,SET OF 3 CAKE TINS PANTRY DESIGN,8,2024-02-28 09:51:00,4.95,12036.0,United Kingdom
536521,85123A,WHITE HANGING HEART T-LIGHT HOLDER,4,2024-05-27 09:45:00,2.95,12066.0,United Kingdom
536521,85099B,JUMBO BAG RED RETROSPOT,18,2024-05-27 09:45:00,1.95,12066.0,United Kingdom
536521,21730,GLASS STAR FROSTED T-LIGHT HOLDER,3,2024-05-27 09:45:00,4.25,12066.0,United Kingdom
536521,84029G,KNITTED UNION FLAG HOT WATER BOTTLE,18,2024-05-27 09:45:00,3.39,12066.0,United Kingdom
536522,85099B,JUMBO BAG RED RETROSPOT,4,2024-02-06 12:15:00,1.95,12058.0,United Kingdom
536522,85099B,JUMBO BAG RED RETROSPOT,8,2024-02-06 12:15:00,1.95,12058.0,United Kingdom
536522,85123A,WHITE HANGING HEART T-LIGHT HOLDER,9,2024-02-06 12:15:00,2.95,12058.0,United Kingdom
536522,84406B,CREAM CUPID HEARTS COAT HANGER,5,2024-02-06 12:15:00,2.75,12058.0,United Kingdom
536522,23203,JUMBO BAG DOILEY PATTERNS,14,2024-02-06 12:15:00,1.95,12058.0,United Kingdom
536523,22632,HAND WARMER RED POLKA DOT,11,2024-11-06 14:52:00,1.85,12010.0,France
536523,22423,REGENCY CAKESTAND 3 TIER,5,2024-11-06 14:52:00,12.75,12010.0,France
536524,71053,WHITE METAL LANTERN,17,2024-03-30 11:09:00,3.39,12026.0,United Kingdom
536524,85123A,WHITE HANGING HEART T-LIGHT HOLDER,15,2024-03-30 11:09:00,2.95,12026.0,United Kingdom
536524,84029E,RED WOOLLY HOTTIE WHITE HEART,10,2024-03-30 11:09:00,3.39,12026.0,United Kingdom
536524,84029E,RED WOOLLY HOTTIE WHITE HEART,10,2024-03-30 11:09:00,3.39,12026.0,United Kingdom
536524,21730,GLASS STAR FROSTED T-LIGHT HOLDER,11,2024-03-30 11:09:00,4.25,12026.0,United Kingdom
536525,22752,SET 7 BABUSHKA NESTING BOXES,3,2024-07-14 17:26:00,7.65,12031.0,United Kingdom
536526,84406B,CREAM CUPID HEARTS COAT HANGER,4,2024-12-13 09:28:00,2.75,12014.0,EIRE
536526,22752,SET 7 BABUSHKA NESTING BOXES,11,2024-12-13 09:28:00,7.65,12014.0,EIRE
536526,47566,PARTY BUNTING,4,2024-12-13 09:28:00,4.65,12014.0,EIRE
536526,84406B,CREAM CUPID HEARTS COAT HANGER,5,2024-12-13 09:28:00,2.75,12014.0,EIRE
536526,23203,JUMBO BAG DOILEY PATTERNS,1,2024-12-13 09:28:00,1.95,12014.0,EIRE
536527,23203,JUMBO BAG DOILEY PATTERNS,12,2024-02-13 09:55:00,1.95,12030.0,United Kingdom
536527,71053,WHITE METAL LANTERN,9,2024-02-13 09:55:00,3.39,12030.0,United Kingdom
536528,22720,SET OF 3 CAKE TINS PANTRY DESIGN,19,2024-05-26 14:31:00,4.95,12077.0,United Kingdom
536529,22720,SET OF 3 CAKE TINS PANTRY DESIGN,3,2024-10-25 17:44:00,4.95,12011.0,United Kingdom
536529,22720,SET OF 3 CAKE TINS PANTRY DESIGN,18,2024-10-25 17:44:00,4.95,12011.0,United Kingdom
536529,22423,REGENCY CAKESTAND 3 TIER,7,2024-10-25 17:44:00,12.75,12011.0,United Kingdom
536530,85099B,JUMBO BAG RED RETROSPOT,12,2024-01-19 19:20:00,1.95,12044.0,United Kingdom
536530,85123A,WHITE HANGING HEART T-LIGHT HOLDER,15,2024-01-19 19:20:00,2.95,12044.0,United Kingdom
536530,85099B,JUMBO BAG RED RETROSPOT,16,2024-01-19 19:20:00,1.95,12044.0,United Kingdom
536530,22720,SET OF 3 CAKE TINS PANTRY DESIGN,5,2024-01-19 19:20:00,4.95,12044.0,United Kingdom
536531,23298,SPOTTY BUNTING,1,2024-12-03 14:26:00,4.95,12016.0,United Kingdom
536531,22632,HAND WARMER RED POLKA DOT,19,2024-12-03 14:26:00,1.85,12016.0,United Kingdom
536531,84029E,RED WOOLLY HOTTIE WHITE HEART,6,2024-12-03 14:26:00,3.39,12016.0,United Kingdom
536531,23203,JUMBO BAG DOILEY PATTERNS,2,2024-12-03 14:26:00,1.95,12016.0,United Kingdom
536532,23298,SPOTTY BUNTING,13,2024-06-16 17:07:00,4.95,12031.0,United Kingdom
536533,21730,GLASS STAR FROSTED T-LIGHT HOLDER,14,2024-05-23 09:55:00,4.25,12039.0,United Kingdom
536533,22423,REGENCY CAKESTAND 3 TIER,9,2024-05-23 09:55:00,12.75,12039.0,United Kingdom
536534,85099B,JUMBO BAG RED RETROSPOT,19,2024-08-28 15:35:00,1.95,12024.0,United Kingdom
536534,22633,HAND WARMER UNION JACK,7,2024-08-28 15:35:00,1.85,12024.0,United Kingdom
536534,22632,HAND WARMER RED POLKA DOT,4,2024-08-28 15:35:00,1.85,12024.0,United Kingdom
536535,47566,PARTY BUNTING,9,2024-09-04 19:50:00,4.65,12007.0,United Kingdom
536536,21730,GLASS STAR FROSTED T-LIGHT HOLDER,11,2024-11-21 16:44:00,4.25,12023.0,United Kingdom
536536,23298,SPOTTY BUNTING,13,2024-11-21 16:44:00,4.95,12023.0,United Kingdom
536536,84406B,CREAM CUPID HEARTS COAT HANGER,6,2024-11-21 16:44:00,2.75,12023.0,United Kingdom
536536,22752,SET 7 BABUSHKA NESTING BOXES,19,2024-11-21 16:44:00,7.65,12023.0,United Kingdom
536536,22423,REGENCY CAKESTAND 3 TIER,7,2024-11-21 16:44:00,12.75,12023.0,United Kingdom
536537,84406B,CREAM CUPID HEARTS COAT HANGER,14,2024-09-26 12:24:00,2.75,12058.0,EIRE
536537,22632,HAND WARMER RED POLKA DOT,10,2024-09-26 12:24:00,1.85,12058.0,EIRE
536537,22423,REGENCY CAKESTAND 3 TIER,18,2024-09-26 12:24:00,12.75,12058.0,EIRE
536538,22423,REGENCY CAKESTAND 3 TIER,8,2024-06-02 10:38:00,12.75,12026.0,United Kingdom
536538,21730,GLASS STAR FROSTED T-LIGHT HOLDER,9,2024-06-02 10:38:00,4.25,12026.0,United Kingdom
536539,71053,WHITE METAL LANTERN,13,2024-02-15 17:05:00,3.39,12020.0,United Kingdom
536539,22423,REGENCY CAKESTAND 3 TIER,13,2024-02-15 17:05:00,12.75,12020.0,United Kingdom
536539,84029E,RED WOOLLY HOTTIE WHITE HEART,1,2024-02-15 17:05:00,3.39,12020.0,United Kingdom
536539,23203,JUMBO BAG DOILEY PATTERNS,7,2024-02-15 17:05:00,1.95,12020.0,United Kingdom
536540,23298,SPOTTY BUNTING,5,2024-03-13 09:46:00,4.95,12064.0,Spain
536540,23203,JUMBO BAG DOILEY PATTERNS,13,2024-03-13 09:46:00,1.95,12064.0,Spain
536540,84406B,CREAM CUPID HEARTS COAT HANGER,3,2024-03-13 09:46:00,2.75,12064.0,Spain
536540,23203,JUMBO BAG DOILEY PATTERNS,6,2024-03-13 09:46:00,1.95,12064.0,Spain
536540,23298,SPOTTY BUNTING,3,2024-03-13 09:46:00,4.95,12064.0,Spain
536541,23298,SPOTTY BUNTING,4,2024-04-13 11:40:00,4.95,12022.0,EIRE
536541,47566,PARTY BUNTING,11,2024-04-13 11:40:00,4.65,12022.0,EIRE
536541,22632,HAND WARMER RED POLKA DOT,14,2024-04-13 11:40:00,1.85,12022.0,EIRE
536541,23298,SPOTTY BUNTING,19,2024-04-13 11:40:00,4.95,12022.0,EIRE
536541,22632,HAND WARMER RED POLKA DOT,12,2024-04-13 11:40:00,1.85,12022.0,EIRE
536542,22423,REGENCY CAKESTAND 3 TIER,19,2024-04-03 11:37:00,12.75,12059.0,United Kingdom
536542,22633,HAND WARMER UNION JACK,8,2024-04-03 11:37:00,1.85,12059.0,United Kingdom
536543,22423,REGENCY CAKESTAND 3 TIER,17,2024-09-07 14:01:00,12.75,12035.0,United Kingdom
536543,47566,PARTY BUNTING,12,2024-09-07 14:01:00,4.65,12035.0,United Kingdom
536543,22752,SET 7 BABUSHKA NESTING BOXES,9,2024-09-07 14:01:00,7.65,12035.0,United Kingdom
536544,22720,SET OF 3 CAKE TINS PANTRY DESIGN,11,2024-12-07 18:51:00,4.95,12014.0,United Kingdom
536544,22423,REGENCY CAKESTAND 3 TIER,10,2024-12-07 18:51:00,12.75,12014.0,United Kingdom
536545,21730,GLASS STAR FROSTED T-LIGHT HOLDER,18,2024-08-18 17:20:00,4.25,12035.0,Germany
536545,47566,PARTY BUNTING,18,2024-08-18 17:20:00,4.65,12035.0,Germany
536546,47566,PARTY BUNTING,15,2024-11-03 19:58:00,4.65,12025.0,United Kingdom
536546,84029G,KNITTED UNION FLAG HOT WATER BOTTLE,15,2024-11-03 19:58:00,3.39,12025.0,United Kingdom
536546,71053,WHITE METAL LANTERN,10,2024-11-03 19:58:00,3.39,12025.0,United Kingdom
536546,85099B,JUMBO BAG RED RETROSPOT,9,2024-11-03 19:58:00,1.95,12025.0,United Kingdom
536547,84029E,RED WOOLLY HOTTIE WHITE HEART,5,2024-03-28 15:38:00,3.39,12055.0,United Kingdom
536547,21730,GLASS STAR FROSTED T-LIGHT HOLDER,12,2024-03-28 15:38:00,4.25,12055.0,United Kingdom
536548,84029E,RED WOOLLY HOTTIE WHITE HEART,17,2024-05-29 11:13:00,3.39,12029.0,United Kingdom
536548,22632,HAND WARMER RED POLKA DOT,4,2024-05-29 11:13:00,1.85,12029.0,United Kingdom
536548,22752,SET 7 BABUSHKA NESTING BOXES,1,2024-05-29 11:13:00,7.65,12029.0,United Kingdom
536548,85123A,WHITE HANGING HEART T-LIGHT HOLDER,7,2024-05-29 11:13:00,2.95,12029.0,United Kingdom
536548,21730,GLASS STAR FROSTED T-LIGHT HOLDER,16,2024-05-29 11:13:00,4.25,12029.0,United Kingdom
536549,85099B,JUMBO BAG RED RETROSPOT,3,2024-11-02 10:08:00,1.95,12010.0,France
536549,71053,WHITE METAL LANTERN,8,2024-11-02 10:08:00,3.39,12010.0,France
536549,21730,GLASS STAR FROSTED T-LIGHT HOLDER,19,2024-11-02 10:08:00,4.25,12010.0,France
536549,84029E,RED WOOLLY HOTTIE WHITE HEART,4,2024-11-02 10:08:00,3.39,12010.0,France
536550,23203,JUMBO BAG DOILEY PATTERNS,18,2024-02-26 08:25:00,1.95,12075.0,United Kingdom
536550,84029E,RED WOOLLY HOTTIE WHITE HEART,19,2024-02-26 08:25:00,3.39,12075.0,United Kingdom
536550,85099B,JUMBO BAG RED RETROSPOT,2,2024-02-26 08:25:00,1.95,12075.0,United Kingdom
536550,47566,PARTY BUNTING,3,2024-02-26 08:25:00,4.65,12075.0,United Kingdom
536551,84029G,KNITTED UNION FLAG HOT WATER BOTTLE,13,2024-10-15 10:16:00,3.39,12047.0,United Kingdom
536551,21730,GLASS STAR FROSTED T-LIGHT HOLDER,3,2024-10-15 10:16:00,4.25,12047.0,United Kingdom
536551,22423,REGENCY CAKESTAND 3 TIER,16,2024-10-15 10:16:00,12.75,12047.0,United Kingdom
536551,22632,HAND WARMER RED POLKA DOT,4,2024-10-15 10:16:00,1.85,12047.0,United Kingdom
536551,84406B,CREAM CUPID HEARTS COAT HANGER,9,2024-10-15 10:16:00,2.75,12047.0,United Kingdom
536552,23298,SPOTTY BUNTING,13,2024-07-20 10:30:00,4.95,12040.0,United Kingdom
536552,85123A,WHITE HANGING HEART T-LIGHT HOLDER,19,2024-07-20 10:30:00,2.95,12040.0,United Kingdom
536552,85123A,WHITE HANGING HEART T-LIGHT HOLDER,19,2024-07-20 10:30:00,2.95,12040.0,United Kingdom
536552,85123A,WHITE HANGING HEART T-LIGHT HOLDER,10,2024-07-20 10:30:00,2.95,12040.0,United Kingdom
536553,84029E,RED WOOLLY HOTTIE WHITE HEART,7,2024-02-04 16:43:00,3.39,12008.0,United Kingdom
536553,84029E,RED WOOLLY HOTTIE WHITE HEART,9,2024-02-04 16:43:00,3.39,12008.0,United Kingdom
536553,84406B,CREAM CUPID HEARTS COAT HANGER,9,2024-02-04 16:43:00,2.75,12008.0,United Kingdom
536553,84029G,KNITTED UNION FLAG HOT WATER BOTTLE,1,2024-02-04 16:43:00,3.39,12008.0,United Kingdom
536553,22752,SET 7 BABUSHKA NESTING BOXES,13,2024-02-04 16:43:00,7.65,12008.0,United Kingdom
536554,23203,JUMBO BAG DOILEY PATTERNS,16,2024-05-08 11:47:00,1.95,12061.0,France
536554,47566,PARTY BUNTING,8,2024-05-08 11:47:00,4.65,12061.0,France
536554,22752,SET 7 BABUSHKA NESTING BOXES,7,2024-05-08 11:47:00,7.65,12061.0,France
536554,84029G,KNITTED UNION FLAG HOT WATER BOTTLE,15,2024-05-08 11:47:00,3.39,12061.0,France
536554,22423,REGENCY CAKESTAND 3 TIER,16,2024-05-08 11:47:00,12.75,12061.0,France
536555,22632,HAND WARMER RED POLKA DOT,17,2024-06-28 10:53:00,1.85,12013.0,United Kingdom
536556,84029E,RED WOOLLY HOTTIE WHITE HEART,2,2024-02-05 11:09:00,3.39,12073.0,United Kingdom
536556,22633,HAND WARMER UNION JACK,2,2024-02-05 11:09:00,1.85,12073.0,United Kingdom
536556,84029G,KNITTED UNION FLAG HOT WATER BOTTLE,1,2024-02-05 11:09:00,3.39,12073.0,United Kingdom
536557,22752,SET 7 BABUSHKA NESTING BOXES,13,2024-06-08 18:46:00,7.65,12006.0,United Kingdom
536558,85123A,WHITE HANGING HEART T-LIGHT HOLDER,17,2024-10-27 12:10:00,2.95,12059.0,United Kingdom
536559,85123A,WHITE HANGING HEART T-LIGHT HOLDER,2,2024-10-27 14:32:00,2.95,12021.0,United Kingdom
536559,21730,GLASS STAR FROSTED T-LIGHT HOLDER,8,2024-10-27 14:32:00,4.25,12021.0,United Kingdom
536559,22632,HAND WARMER RED POLKA DOT,15,2024-10-27 14:32:00,1.85,12021.0,United Kingdom
536559,22632,HAND WARMER RED POLKA DOT,5,2024-10-27 14:32:00,1.85,12021.0,United Kingdom
536559,84029E,RED WOOLLY HOTTIE WHITE HEART,15,2024-10-27 14:32:00,3.39,12021.0,United Kingdom
536560,84029E,RED WOOLLY HOTTIE WHITE HEART,7,2024-07-03 14:45:00,3.39,12016.0,France
536560,21730,GLASS STAR FROSTED T-LIGHT HOLDER,5,2024-07-03 14:45:00,4.25,12016.0,France
536560,85099B,JUMBO BAG RED RETROSPOT,4,2024-07-03 14:45:00,1.95,12016.0,France
536561,22752,SET 7 BABUSHKA NESTING BOXES,4,2024-10-01 19:07:00,7.65,12051.0,Germany
536562,22423,REGENCY CAKESTAND 3 TIER,19,2024-03-05 08:49:00,12.75,12012.0,United Kingdom
536562,22720,SET OF 3 CAKE TINS PANTRY DESIGN,3,2024-03-05 08:49:00,4.95,12012.0,United Kingdom
536563,84406B,CREAM CUPID HEARTS COAT HANGER,17,2024-08-26 10:26:00,2.75,12079.0,Spain
536563,47566,PARTY BUNTING,19,2024-08-26 10:26:00,4.65,12079.0,Spain
536564,22633,HAND WARMER UNION JACK,13,2024-11-14 13:11:00,1.85,12076.0,United Kingdom
536564,47566,PARTY BUNTING,6,2024-11-14 13:11:00,4.65,12076.0,United Kingdom
536565,22752,SET 7 BABUSHKA NESTING BOXES,16,2024-09-25 08:33:00,7.65,12020.0,France
536565,22752,SET 7 BABUSHKA NESTING BOXES,14,2024-09-25 08:33:00,7.65,12020.0,France
536565,21730,GLASS STAR FROSTED T-LIGHT HOLDER,1,2024-09-25 08:33:00,4.25,12020.0,France
536566,85099B,JUMBO BAG RED RETROSPOT,5,2024-01-19 19:36:00,1.95,12042.0,United Kingdom
536566,84029E,RED WOOLLY HOTTIE WHITE HEART,8,2024-01-19 19:36:00,3.39,12042.0,United Kingdom
536566,84029G,KNITTED UNION FLAG HOT WATER BOTTLE,15,2024-01-19 19:36:00,3.39,12042.0,United Kingdom
536567,23298,SPOTTY BUNTING,6,2024-10-28 12:33:00,4.95,12008.0,United Kingdom
536567,71053,WHITE METAL LANTERN,10,2024-10-28 12:33:00,3.39,12008.0,United Kingdom
536568,22720,SET OF 3 CAKE TINS PANTRY DESIGN,2,2024-04-24 13:33:00,4.95,12012.0,United Kingdom
536568,22752,SET 7 BABUSHKA NESTING BOXES,1,2024-04-24 13:33:00,7.65,12012.0,United Kingdom
536568,85123A,WHITE HANGING HEART T-LIGHT HOLDER,5,2024-04-24 13:33:00,2.95,12012.0,United Kingdom
536568,22632,HAND WARMER RED POLKA DOT,17,2024-04-24 13:33:00,1.85,12012.0,United Kingdom
536569,71053,WHITE METAL LANTERN,9,2024-08-23 17:10:00,3.39,12061.0,EIRE
536569,22720,SET OF 3 CAKE TINS PANTRY DESIGN,10,2024-08-23 17:10:00,4.95,12061.0,EIRE
536569,22720,SET OF 3 CAKE TINS PANTRY DESIGN,18,2024-08-23 17:10:00,4.95,12061.0,EIRE
536569,22633,HAND WARMER UNION JACK,2,2024-08-23 17:10:00,1.85,12061.0,EIRE
536569,22752,SET 7 BABUSHKA NESTING BOXES,5,2024-08-23 17:10:00,7.65,12061.0,EIRE
536570,85123A,WHITE HANGING HEART T-LIGHT HOLDER,5,2024-08-01 13:11:00,2.95,12037.0,United Kingdom
536570,23203,JUMBO BAG DOILEY PATTERNS,2,2024-08-01 13:11:00,1.95,12037.0,United Kingdom
536570,21730,GLASS STAR FROSTED T-LIGHT HOLDER,4,2024-08-01 13:11:00,4.25,12037.0,United Kingdom
536570,71053,WHITE METAL LANTERN,9,2024-08-01 13:11:00,3.39,12037.0,United Kingdom
536571,84406B,CREAM CUPID HEARTS COAT HANGER,7,2024-03-05 08:08:00,2.75,12041.0,United Kingdom
536571,22752,SET 7 BABUSHKA NESTING BOXES,7,2024-03-05 08:08:00,7.65,12041.0,United Kingdom
536571,84029G,KNITTED UNION FLAG HOT WATER BOTTLE,2,2024-03-05 08:08:00,3.39,12041.0,United Kingdom
536571,22633,HAND WARMER UNION JACK,7,2024-03-05 08:08:00,1.85,12041.0,United Kingdom
536571,22752,SET 7 BABUSHKA NESTING BOXES,6,2024-03-05 08:08:00,7.65,12041.0,United Kingdom
536572,85123A,WHITE HANGING HEART T-LIGHT HOLDER,18,2024-08-10 13:12:00,2.95,12074.0,Germany
536572,22423,REGENCY CAKESTAND 3 TIER,2,2024-08-10 13:12:00,12.75,12074.0,Germany
536572,23298,SPOTTY BUNTING,3,2024-08-10 13:12:00,4.95,12074.0,Germany
536572,85123A,WHITE HANGING HEART T-LIGHT HOLDER,3,2024-08-10 13:12:00,2.95,12074.0,Germany
536572,21730,GLASS STAR FROSTED T-LIGHT HOLDER,12,2024-08-10 13:12:00,4.25,12074.0,Germany
536573,71053,WHITE METAL LANTERN,16,2024-02-14 10:51:00,3.39,12032.0,Spain
536573,22423,REGENCY CAKESTAND 3 TIER,10,2024-02-14 10:51:00,12.75,12032.0,Spain
536573,84406B,CREAM CUPID HEARTS COAT HANGER,19,2024-02-14 10:51:00,2.75,12032.0,Spain
536573,21730,GLASS STAR FROSTED T-LIGHT HOLDER,1,2024-02-14 10:51:00,4.25,12032.0,Spain
536574,71053,WHITE METAL LANTERN,11,2024-05-26 08:19:00,3.39,12016.0,United Kingdom
536574,23203,JUMBO BAG DOILEY PATTERNS,16,2024-05-26 08:19:00,1.95,12016.0,United Kingdom
536574,23203,JUMBO BAG DOILEY PATTERNS,4,2024-05-26 08:19:00,1.95,12016.0,United Kingdom
536574,22720,SET OF 3 CAKE TINS PANTRY DESIGN,19,2024-05-26 08:19:00,4.95,12016.0,United Kingdom
536574,84029E,RED WOOLLY HOTTIE WHITE HEART,10,2024-05-26 08:19:00,3.39,12016.0,United Kingdom
536575,22720,SET OF 3 CAKE TINS PANTRY DESIGN,8,2024-06-29 11:58:00,4.95,12042.0,Spain
536575,23298,SPOTTY BUNTING,12,2024-06-29 11:58:00,4.95,12042.0,Spain
536576,47566,PARTY BUNTING,2,2024-02-16 15:19:00,4.65,12037.0,United Kingdom
536577,22423,REGENCY CAKESTAND 3 TIER,8,2024-11-12 08:35:00,12.75,12063.0,United Kingdom
536577,21730,GLASS STAR FROSTED T-LIGHT HOLDER,9,2024-11-12 08:35:00,4.25,12063.0,United Kingdom
536578,22423,REGENCY CAKESTAND 3 TIER,8,2024-08-19 12:55:00,12.75,12064.0,Germany
536578,23298,SPOTTY BUNTING,7,2024-08-19 12:55:00,4.95,12064.0,Germany
536578,84029E,RED WOOLLY HOTTIE WHITE HEART,9,2024-08-19 12:55:00,3.39,12064.0,Germany
536578,47566,PARTY BUNTING,11,2024-08-19 12:55:00,4.65,12064.0,Germany
536578,22752,SET 7 BABUSHKA NESTING BOXES,9,2024-08-19 12:55:00,7.65,12064.0,Germany
536579,47566,PARTY BUNTING,7,2024-08-28 12:33:00,4.65,12023.0,United Kingdom
536579,71053,WHITE METAL LANTERN,8,2024-08-28 12:33:00,3.39,12023.0,United Kingdom
536580,47566,PARTY BUNTING,8,2024-02-04 11:09:00,4.65,12042.0,United Kingdom
536580,22720,SET OF 3 CAKE TINS PANTRY DESIGN,5,2024-02-04 11:09:00,4.95,12042.0,United Kingdom
536580,23298,SPOTTY BUNTING,11,2024-02-04 11:09:00,4.95,12042.0,United Kingdom
536580,23298,SPOTTY BUNTING,15,2024-02-04 11:09:00,4.95,12042.0,United Kingdom
536581,84406B,CREAM CUPID HEARTS COAT HANGER,12,2024-04-03 14:49:00,2.75,12042.0,Spain
536581,71053,WHITE METAL LANTERN,13,2024-04-03 14:49:00,3.39,12042.0,Spain
536581,47566,PARTY BUNTING,1,2024-04-03 14:49:00,4.65,12042.0,Spain
536581,85099B,JUMBO BAG RED RETROSPOT,18,2024-04-03 14:49:00,1.95,12042.0,Spain
536581,22720,SET OF 3 CAKE TINS PANTRY DESIGN,8,2024-04-03 14:49:00,4.95,12042.0,Spain
536582,85099B,JUMBO BAG RED RETROSPOT,1,2024-12-03 19:34:00,1.95,12008.0,Spain
536583,22752,SET 7 BABUSHKA NESTING BOXES,15,2024-09-05 18:33:00,7.65,12074.0,United Kingdom
536584,21730,GLASS STAR FROSTED T-LIGHT HOLDER,1,2024-11-07 10:29:00,4.25,12012.0,United Kingdom
536584,22632,HAND WARMER RED POLKA DOT,15,2024-11-07 10:29:00,1.85,12012.0,United Kingdom
536584,47566,PARTY BUNTING,7,2024-11-07 10:29:00,4.65,12012.0,United Kingdom
536585,85123A,WHITE HANGING HEART T-LIGHT HOLDER,6,2024-11-16 19:22:00,2.95,12070.0,EIRE
536585,22423,REGENCY CAKESTAND 3 TIER,4,2024-11-16 19:22:00,12.75,12070.0,EIRE
536585,21730,GLASS STAR FROSTED T-LIGHT HOLDER,15,2024-11-16 19:22:00,4.25,12070.0,EIRE
536586,71053,WHITE METAL LANTERN,19,2024-06-30 10:32:00,3.39,12011.0,United Kingdom
536586,23298,SPOTTY BUNTING,17,2024-06-30 10:32:00,4.95,12011.0,United Kingdom
536586,22720,SET OF 3 CAKE TINS PANTRY DESIGN,4,2024-06-30 10:32:00,4.95,12011.0,United Kingdom
536586,23203,JUMBO BAG DOILEY PATTERNS,12,2024-06-30 10:32:00,1.95,12011.0,United Kingdom
536586,47566,PARTY BUNTING,17,2024-06-30 10:32:00,4.65,12011.0,United Kingdom
536587,22633,HAND WARMER UNION JACK,10,2024-05-16 09:06:00,1.85,12046.0,United Kingdom
536587,84029G,KNITTED UNION FLAG HOT WATER BOTTLE,11,2024-05-16 09:06:00,3.39,12046.0,United Kingdom
536587,85099B,JUMBO BAG RED RETROSPOT,19,2024-05-16 09:06:00,1.95,12046.0,United Kingdom
536587,22423,REGENCY CAKESTAND 3 TIER,12,2024-05-16 09:06:00,12.75,12046.0,United Kingdom
536587,23203,JUMBO BAG DOILEY PATTERNS,9,2024-05-16 09:06:00,1.95,12046.0,United Kingdom
536588,23203,JUMBO BAG DOILEY PATTERNS,16,2024-05-15 09:25:00,1.95,12074.0,United Kingdom
536589,22423,REGENCY CAKESTAND 3 TIER,17,2024-11-01 08:17:00,12.75,12017.0,France
536589,85123A,WHITE HANGING HEART T-LIGHT HOLDER,1,2024-11-01 08:17:00,2.95,12017.0,France
536590,22632,HAND WARMER RED POLKA DOT,4,2024-07-08 14:27:00,1.85,12075.0,United Kingdom
536590,85099B,JUMBO BAG RED RETROSPOT,13,2024-07-08 14:27:00,1.95,12075.0,United Kingdom
536590,71053,WHITE METAL LANTERN,8,2024-07-08 14:27:00,3.39,12075.0,United Kingdom
536590,23298,SPOTTY BUNTING,12,2024-07-08 14:27:00,4.95,12075.0,United Kingdom
536591,23203,JUMBO BAG DOILEY PATTERNS,5,2024-01-15 14:27:00,1.95,12010.0,Spain
536591,21730,GLASS STAR FROSTED T-LIGHT HOLDER,3,2024-01-15 14:27:00,4.25,12010.0,Spain
536591,22632,HAND WARMER RED POLKA DOT,4,2024-01-15 14:27:00,1.85,12010.0,Spain
536592,84406B,CREAM CUPID HEARTS COAT HANGER,8,2024-05-05 10:05:00,2.75,12039.0,United Kingdom
536592,84029G,KNITTED UNION FLAG HOT WATER BOTTLE,16,2024-05-05 10:05:00,3.39,12039.0,United Kingdom
536592,21730,GLASS STAR FROSTED T-LIGHT HOLDER,19,2024-05-05 10:05:00,4.25,12039.0,United Kingdom
536592,84029G,KNITTED UNION FLAG HOT WATER BOTTLE,2,2024-05-05 10:05:00,3.39,12039.0,United Kingdom
536592,22632,HAND WARMER RED POLKA DOT,13,2024-05-05 10:05:00,1.85,12039.0,United Kingdom
536593,84406B,CREAM CUPID HEARTS COAT HANGER,9,2024-11-14 18:38:00,2.75,12079.0,United Kingdom
536593,22752,SET 7 BABUSHKA NESTING BOXES,1,2024-11-14 18:38:00,7.65,12079.0,United Kingdom
536593,84029G,KNITTED UNION FLAG HOT WATER BOTTLE,11,2024-11-14 18:38:00,3.39,12079.0,United Kingdom
536594,84029G,KNITTED UNION FLAG HOT WATER BOTTLE,14,2024-12-28 13:57:00,3.39,12029.0,United Kingdom
536595,84029E,RED WOOLLY HOTTIE WHITE HEART,18,2024-04-20 14:54:00,3.39,12043.0,United Kingdom
536596,85123A,WHITE HANGING HEART T-LIGHT HOLDER,16,2024-11-01 18:07:00,2.95,12060.0,United Kingdom
536597,23203,JUMBO BAG DOILEY PATTERNS,11,2024-02-26 16:32:00,1.95,12074.0,United Kingdom
536597,22423,REGENCY CAKESTAND 3 TIER,8,2024-02-26 16:32:00,12.75,12074.0,United Kingdom
536597,23298,SPOTTY BUNTING,9,2024-02-26 16:32:00,4.95,12074.0,United Kingdom
536597,47566,PARTY BUNTING,2,2024-02-26 16:32:00,4.65,12074.0,United Kingdom
536597,84406B,CREAM CUPID HEARTS COAT HANGER,19,2024-02-26 16:32:00,2.75,12074.0,United Kingdom
536598,84406B,CREAM CUPID HEARTS COAT HANGER,19,2024-04-23 17:11:00,2.75,12023.0,United Kingdom
536598,84406B,CREAM CUPID HEARTS COAT HANGER,2,2024-04-23 17:11:00,2.75,12023.0,United Kingdom
536599,71053,WHITE METAL LANTERN,19,2024-11-12 09:42:00,3.39,12053.0,United Kingdom
536599,85099B,JUMBO BAG RED RETROSPOT,17,2024-11-12 09:42:00,1.95,12053.0,United Kingdom
536599,22752,SET 7 BABUSHKA NESTING BOXES,18,2024-11-12 09:42:00,7.65,12053.0,United Kingdom
536599,85099B,JUMBO BAG RED RETROSPOT,3,2024-11-12 09:42:00,1.95,12053.0,United Kingdom
536599,23203,JUMBO BAG DOILEY PATTERNS,16,2024-11-12 09:42:00,1.95,12053.0,United Kingdom
536600,84029G,KNITTED UNION FLAG HOT WATER BOTTLE,19,2024-07-18 12:32:00,3.39,12024.0,Spain
536600,21730,GLASS STAR FROSTED T-LIGHT HOLDER,14,2024-07-18 12:32:00,4.25,12024.0,Spain
536600,23298,SPOTTY BUNTING,10,2024-07-18 12:32:00,4.95,12024.0,Spain
536600,21730,GLASS STAR FROSTED T-LIGHT HOLDER,9,2024-07-18 12:32:00,4.25,12024.0,Spain
536600,22720,SET OF 3 CAKE TINS PANTRY DESIGN,8,2024-07-18 12:32:00,4.95,12024.0,Spain
536601,22423,REGENCY CAKESTAND 3 TIER,2,2024-05-11 10:23:00,12.75,12022.0,United Kingdom
536602,22720,SET OF 3 CAKE TINS PANTRY DESIGN,12,2024-10-11 16:26:00,4.95,12045.0,United Kingdom
536602,71053,WHITE METAL LANTERN,1,2024-10-11 16:26:00,3.39,12045.0,United Kingdom
536602,84029E,RED WOOLLY HOTTIE WHITE HEART,3,2024-10-11 16:26:00,3.39,12045.0,United Kingdom
536602,22720,SET OF 3 CAKE TINS PANTRY DESIGN,4,2024-10-11 16:26:00,4.95,12045.0,United Kingdom
536602,84029E,RED WOOLLY HOTTIE WHITE HEART,19,2024-10-11 16:26:00,3.39,12045.0,United Kingdom
536603,23203,JUMBO BAG DOILEY PATTERNS,19,2024-03-20 12:30:00,1.95,12065.0,United Kingdom
536603,85123A,WHITE HANGING HEART T-LIGHT HOLDER,5,2024-03-20 12:30:00,2.95,12065.0,United Kingdom
536603,22632,HAND WARMER RED POLKA DOT,1,2024-03-20 12:30:00,1.85,12065.0,United Kingdom
536603,22752,SET 7 BABUSHKA NESTING BOXES,3,2024-03-20 12:30:00,7.65,12065.0,United Kingdom
536603,23203,JUMBO BAG DOILEY PATTERNS,2,2024-03-20 12:30:00,1.95,12065.0,United Kingdom
536604,84029G,KNITTED UNION FLAG HOT WATER BOTTLE,11,2024-03-12 09:34:00,3.39,12011.0,United Kingdom
536604,85099B,JUMBO BAG RED RETROSPOT,12,2024-03-12 09:34:00,1.95,12011.0,United Kingdom
536604,23298,SPOTTY BUNTING,4,2024-03-12 09:34:00,4.95,12011.0,United Kingdom
536604,22633,HAND WARMER UNION JACK,16,2024-03-12 09:34:00,1.85,12011.0,United Kingdom
536604,22720,SET OF 3 CAKE TINS PANTRY DESIGN,12,2024-03-12 09:34:00,4.95,12011.0,United Kingdom
536605,71053,WHITE METAL LANTERN,2,2024-11-11 15:56:00,3.39,12052.0,United Kingdom
536605,22633,HAND WARMER UNION JACK,5,2024-11-11 15:56:00,1.85,12052.0,United Kingdom
536606,84029E,RED WOOLLY HOTTIE WHITE HEART,15,2024-06-08 15:56:00,3.39,12032.0,EIRE
536606,71053,WHITE METAL LANTERN,11,2024-06-08 15:56:00,3.39,12032.0,EIRE
536607,84406B,CREAM CUPID HEARTS COAT HANGER,13,2024-03-07 15:19:00,2.75,12033.0,United Kingdom
536607,84406B,CREAM CUPID HEARTS COAT HANGER,9,2024-03-07 15:19:00,2.75,12033.0,United Kingdom
536607,22720,SET OF 3 CAKE TINS PANTRY DESIGN,5,2024-03-07 15:19:00,4.95,12033.0,United Kingdom
536607,23298,SPOTTY BUNTING,14,2024-03-07 15:19:00,4.95,12033.0,United Kingdom
536608,22720,SET OF 3 CAKE TINS PANTRY DESIGN,3,2024-03-02 16:56:00,4.95,12072.0,Germany
536609,47566,PARTY BUNTING,9,2024-06-30 14:31:00,4.65,12047.0,United Kingdom
536609,84029E,RED WOOLLY HOTTIE WHITE HEART,19,2024-06-30 14:31:00,3.39,12047.0,United Kingdom
536609,71053,WHITE METAL LANTERN,10,2024-06-30 14:31:00,3.39,12047.0,United Kingdom
536610,23298,SPOTTY BUNTING,12,2024-06-23 19:25:00,4.95,12041.0,Spain
536611,22632,HAND WARMER RED POLKA DOT,19,2024-03-24 16:38:00,1.85,12019.0,United Kingdom
536612,22423,REGENCY CAKESTAND 3 TIER,2,2024-06-20 13:53:00,12.75,12001.0,United Kingdom
536612,22720,SET OF 3 CAKE TINS PANTRY DESIGN,16,2024-06-20 13:53:00,4.95,12001.0,United Kingdom
536612,22423,REGENCY CAKESTAND 3 TIER,13,2024-06-20 13:53:00,12.75,12001.0,United Kingdom
536613,84406B,CREAM CUPID HEARTS COAT HANGER,17,2024-10-12 18:25:00,2.75,12059.0,United Kingdom
536613,23298,SPOTTY BUNTING,12,2024-10-12 18:25:00,4.95,12059.0,United Kingdom
536613,84029E,RED WOOLLY HOTTIE WHITE HEART,7,2024-10-12 18:25:00,3.39,12059.0,United Kingdom
536613,21730,GLASS STAR FROSTED T-LIGHT HOLDER,13,2024-10-12 18:25:00,4.25,12059.0,United Kingdom
536614,22632,HAND WARMER RED POLKA DOT,9,2024-09-02 19:57:00,1.85,12062.0,France
536614,85099B,JUMBO BAG RED RETROSPOT,16,2024-09-02 19:57:00,1.95,12062.0,France
536615,22633,HAND WARMER UNION JACK,5,2024-07-03 08:44:00,1.85,12029.0,United Kingdom
536615,22632,HAND WARMER RED POLKA DOT,15,2024-07-03 08:44:00,1.85,12029.0,United Kingdom
536615,22752,SET 7 BABUSHKA NESTING BOXES,3,2024-07-03 08:44:00,7.65,12029.0,United Kingdom
536616,84029G,KNITTED UNION FLAG HOT WATER BOTTLE,17,2024-03-13 12:37:00,3.39,12030.0,United Kingdom
536616,22423,REGENCY CAKESTAND 3 TIER,6,2024-03-13 12:37:00,12.75,,United Kingdom
536616,22632,HAND WARMER RED POLKA DOT,3,2024-03-13 12:37:00,1.85,12030.0,United Kingdom
536616,71053,WHITE METAL LANTERN,19,2024-03-13 12:37:00,3.39,12030.0,United Kingdom
536617,84029E,RED WOOLLY HOTTIE WHITE HEART,11,2024-02-26 11:11:00,3.39,12064.0,United Kingdom
536617,84406B,CREAM CUPID HEARTS COAT HANGER,17,2024-02-26 11:11:00,2.75,12064.0,United Kingdom
536618,23298,SPOTTY BUNTING,7,2024-10-04 10:42:00,4.95,12058.0,EIRE
536619,84029G,KNITTED UNION FLAG HOT WATER BOTTLE,6,2024-06-23 17:08:00,3.39,12063.0,United Kingdom
536619,22752,SET 7 BABUSHKA NESTING BOXES,3,2024-06-23 17:08:00,7.65,12063.0,United Kingdom
536620,21730,GLASS STAR FROSTED T-LIGHT HOLDER,10,2024-07-19 17:42:00,4.25,12056.0,United Kingdom
536621,84029G,KNITTED UNION FLAG HOT WATER BOTTLE,9,2024-10-12 14:44:00,3.39,12019.0,United Kingdom
536621,21730,GLASS STAR FROSTED T-LIGHT HOLDER,16,2024-10-12 14:44:00,4.25,12019.0,United Kingdom
536621,84029E,RED WOOLLY HOTTIE WHITE HEART,5,2024-10-12 14:44:00,3.39,12019.0,United Kingdom
536621,22752,SET 7 BABUSHKA NESTING BOXES,7,2024-10-12 14:44:00,7.65,12019.0,United Kingdom
536621,84406B,CREAM CUPID HEARTS COAT HANGER,4,2024-10-12 14:44:00,2.75,12019.0,United Kingdom
536622,23203,JUMBO BAG DOILEY PATTERNS,15,2024-06-19 12:23:00,1.95,12018.0,France
536622,84406B,CREAM CUPID HEARTS COAT HANGER,6,2024-06-19 12:23:00,2.75,12018.0,France
536623,22423,REGENCY CAKESTAND 3 TIER,6,2024-04-09 12:07:00,12.75,12014.0,United Kingdom
536623,22720,SET OF 3 CAKE TINS PANTRY DESIGN,8,2024-04-09 12:07:00,4.95,12014.0,United Kingdom
536623,23203,JUMBO BAG DOILEY PATTERNS,5,2024-04-09 12:07:00,1.95,12014.0,United Kingdom
536624,85099B,JUMBO BAG RED RETROSPOT,13,2024-10-05 08:55:00,1.95,12043.0,United Kingdom
536624,85123A,WHITE HANGING HEART T-LIGHT HOLDER,17,2024-10-05 08:55:00,2.95,12043.0,United Kingdom
536624,85099B,JUMBO BAG RED RETROSPOT,19,2024-10-05 08:55:00,1.95,12043.0,United Kingdom
536625,22633,HAND WARMER UNION JACK,16,2024-08-11 13:53:00,1.85,12037.0,Germany
536625,22752,SET 7 BABUSHKA NESTING BOXES,9,2024-08-11 13:53:00,7.65,12037.0,Germany
536625,23298,SPOTTY BUNTING,2,2024-08-11 13:53:00,4.95,12037.0,Germany
536625,22423,REGENCY CAKESTAND 3 TIER,1,2024-08-11 13:53:00,12.75,12037.0,Germany
536625,22632,HAND WARMER RED POLKA DOT,10,2024-08-11 13:53:00,1.85,12037.0,Germany
536626,23298,SPOTTY BUNTING,11,2024-06-29 13:24:00,4.95,12037.0,United Kingdom
536626,85099B,JUMBO BAG RED RETROSPOT,16,2024-06-29 13:24:00,1.95,12037.0,United Kingdom
536626,47566,PARTY BUNTING,3,2024-06-29 13:24:00,4.65,12037.0,United Kingdom
536627,23298,SPOTTY BUNTING,19,2024-03-23 10:47:00,4.95,12057.0,United Kingdom
536627,22423,REGENCY CAKESTAND 3 TIER,17,2024-03-23 10:47:00,12.75,12057.0,United Kingdom
536627,71053,WHITE METAL LANTERN,17,2024-03-23 10:47:00,3.39,12057.0,United Kingdom
536627,84406B,CREAM CUPID HEARTS COAT HANGER,6,2024-03-23 10:47:00,2.75,12057.0,United Kingdom
536627,71053,WHITE METAL LANTERN,8,2024-03-23 10:47:00,3.39,12057.0,United Kingdom
536628,21730,GLASS STAR FROSTED T-LIGHT HOLDER,7,2024-04-07 17:36:00,4.25,12059.0,United Kingdom
536628,47566,PARTY BUNTING,11,2024-04-07 17:36:00,4.65,12059.0,United Kingdom
536628,85099B,JUMBO BAG RED RETROSPOT,6,2024-04-07 17:36:00,1.95,12059.0,United Kingdom
536628,84029G,KNITTED UNION FLAG HOT WATER BOTTLE,4,2024-04-07 17:36:00,3.39,12059.0,United Kingdom
536628,84029G,KNITTED UNION FLAG HOT WATER BOTTLE,4,2024-04-07 17:36:00,3.39,12059.0,United Kingdom
536629,85123A,WHITE HANGING HEART T-LIGHT HOLDER,16,2024-01-22 15:56:00,2.95,12059.0,Germany
536629,85123A,WHITE HANGING HEART T-LIGHT HOLDER,13,2024-01-22 15:56:00,2.95,12059.0,Germany
536629,22423,REGENCY CAKESTAND 3 TIER,4,2024-01-22 15:56:00,12.75,12059.0,Germany
536630,23203,JUMBO BAG DOILEY PATTERNS,18,2024-03-05 10:48:00,1.95,12059.0,Spain
536630,23298,SPOTTY BUNTING,3,2024-03-05 10:48:00,4.95,12059.0,Spain
536631,47566,PARTY BUNTING,6,2024-09-04 19:48:00,4.65,12023.0,United Kingdom
536631,22752,SET 7 BABUSHKA NESTING BOXES,19,2024-09-04 19:48:00,7.65,12023.0,United Kingdom
536632,22423,REGENCY CAKESTAND 3 TIER,5,2024-04-06 08:25:00,12.75,12044.0,Spain
536632,23298,SPOTTY BUNTING,15,2024-04-06 08:25:00,4.95,12044.0,Spain
536632,85099B,JUMBO BAG RED RETROSPOT,15,2024-04-06 08:25:00,1.95,12044.0,Spain
536633,22423,REGENCY CAKESTAND 3 TIER,1,2024-05-18 16:50:00,12.75,12046.0,EIRE
536633,22632,HAND WARMER RED POLKA DOT,11,2024-05-18 16:50:00,1.85,12046.0,EIRE
536634,23203,JUMBO BAG DOILEY PATTERNS,10,2024-12-28 18:02:00,1.95,12029.0,United Kingdom
536634,22423,REGENCY CAKESTAND 3 TIER,16,2024-12-28 18:02:00,12.75,12029.0,United Kingdom
536635,84406B,CREAM CUPID HEARTS COAT HANGER,8,2024-02-02 09:23:00,2.75,12061.0,United Kingdom
536635,84029G,KNITTED UNION FLAG HOT WATER BOTTLE,4,2024-02-02 09:23:00,3.39,12061.0,United Kingdom
536635,84406B,CREAM CUPID HEARTS COAT HANGER,4,2024-02-02 09:23:00,2.75,12061.0,United Kingdom
536635,22632,HAND WARMER RED POLKA DOT,8,2024-02-02 09:23:00,1.85,12061.0,United Kingdom
536636,23298,SPOTTY BUNTING,14,2024-06-23 16:51:00,4.95,12034.0,United Kingdom
536636,84406B,CREAM CUPID HEARTS COAT HANGER,19,2024-06-23 16:51:00,2.75,12034.0,United Kingdom
536636,84406B,CREAM CUPID HEARTS COAT HANGER,8,2024-06-23 16:51:00,2.75,12034.0,United Kingdom
536636,85099B,JUMBO BAG RED RETROSPOT,8,2024-06-23 16:51:00,1.95,12034.0,United Kingdom
536637,71053,WHITE METAL LANTERN,15,2024-12-03 08:14:00,3.39,12019.0,Spain
536637,47566,PARTY BUNTING,2,2024-12-03 08:14:00,4.65,12019.0,Spain
536637,21730,GLASS STAR FROSTED T-LIGHT HOLDER,9,2024-12-03 08:14:00,4.25,12019.0,Spain
536637,71053,WHITE METAL LANTERN,4,2024-12-03 08:14:00,3.39,12019.0,Spain
536638,84406B,CREAM CUPID HEARTS COAT HANGER,16,2024-03-08 12:27:00,2.75,12013.0,United Kingdom
536638,84029G,KNITTED UNION FLAG HOT WATER BOTTLE,18,2024-03-08 12:27:00,3.39,12013.0,United Kingdom
536639,71053,WHITE METAL LANTERN,5,2024-10-19 15:15:00,3.39,12043.0,United Kingdom
536639,84029E,RED WOOLLY HOTTIE WHITE HEART,3,2024-10-19 15:15:00,3.39,12043.0,United Kingdom
536640,21730,GLASS STAR FROSTED T-LIGHT HOLDER,17,2024-12-10 14:24:00,4.25,12001.0,Spain
536640,85099B,JUMBO BAG RED RETROSPOT,8,2024-12-10 14:24:00,1.95,12001.0,Spain
536641,21730,GLASS STAR FROSTED T-LIGHT HOLDER,15,2024-01-13 09:09:00,4.25,12020.0,Germany
536641,84406B,CREAM CUPID HEARTS COAT HANGER,5,2024-01-13 09:09:00,2.75,12020.0,Germany
536641,22752,SET 7 BABUSHKA NESTING BOXES,18,2024-01-13 09:09:00,7.65,12020.0,Germany
536641,85099B,JUMBO BAG RED RETROSPOT,17,2024-01-13 09:09:00,1.95,12020.0,Germany
536642,22720,SET OF 3 CAKE TINS PANTRY DESIGN,17,2024-11-05 08:13:00,4.95,12019.0,United Kingdom
536643,85099B,JUMBO BAG RED RETROSPOT,3,2024-04-21 09:37:00,1.95,12043.0,United Kingdom
536643,71053,WHITE METAL LANTERN,15,2024-04-21 09:37:00,3.39,12043.0,United Kingdom
536643,84406B,CREAM CUPID HEARTS COAT HANGER,18,2024-04-21 09:37:00,2.75,12043.0,United Kingdom
536643,71053,WHITE METAL LANTERN,14,2024-04-21 09:37:00,3.39,12043.0,United Kingdom
536644,47566,PARTY BUNTING,15,2024-06-10 08:52:00,4.65,12078.0,United Kingdom
536644,85123A,WHITE HANGING HEART T-LIGHT HOLDER,16,2024-06-10 08:52:00,2.95,12078.0,United Kingdom
536644,84406B,CREAM CUPID HEARTS COAT HANGER,15,2024-06-10 08:52:00,2.75,12078.0,United Kingdom
536645,84029E,RED WOOLLY HOTTIE WHITE HEART,10,2024-04-15 13:07:00,3.39,12049.0,Spain
536645,22423,REGENCY CAKESTAND 3 TIER,10,2024-04-15 13:07:00,12.75,12049.0,Spain
536646,47566,PARTY BUNTING,18,2024-07-31 18:23:00,4.65,12040.0,Germany
536646,23298,SPOTTY BUNTING,5,2024-07-31 18:23:00,4.95,12040.0,Germany
536646,23298,SPOTTY BUNTING,14,2024-07-31 18:23:00,4.95,12040.0,Germany
536646,84029E,RED WOOLLY HOTTIE WHITE HEART,13,2024-07-31 18:23:00,3.39,12040.0,Germany
536647,21730,GLASS STAR FROSTED T-LIGHT HOLDER,19,2024-07-09 17:11:00,4.25,12020.0,United Kingdom
536647,85123A,WHITE HANGING HEART T-LIGHT HOLDER,14,2024-07-09 17:11:00,2.95,12020.0,United Kingdom
536647,22720,SET OF 3 CAKE TINS PANTRY DESIGN,18,2024-07-09 17:11:00,4.95,12020.0,United Kingdom
536647,84406B,CREAM CUPID HEARTS COAT HANGER,19,2024-07-09 17:11:00,2.75,12020.0,United Kingdom
536648,71053,WHITE METAL LANTERN,19,2024-05-08 12:38:00,3.39,12031.0,United Kingdom
536648,84029G,KNITTED UNION FLAG HOT WATER BOTTLE,2,2024-05-08 12:38:00,3.39,12031.0,United Kingdom
536648,22632,HAND WARMER RED POLKA DOT,8,2024-05-08 12:38:00,1.85,12031.0,United Kingdom
536649,85099B,JUMBO BAG RED RETROSPOT,8,2024-11-15 09:17:00,1.95,12049.0,United Kingdom
536649,85099B,JUMBO BAG RED RETROSPOT,19,2024-11-15 09:17:00,1.95,12049.0,United Kingdom
536649,22633,HAND WARMER UNION JACK,17,2024-11-15 09:17:00,1.85,12049.0,United Kingdom
536649,23298,SPOTTY BUNTING,6,2024-11-15 09:17:00,4.95,12049.0,United Kingdom
536650,84029E,RED WOOLLY HOTTIE WHITE HEART,13,2024-10-08 10:20:00,3.39,12019.0,United Kingdom
536650,47566,PARTY BUNTING,16,2024-10-08 10:20:00,4.65,12019.0,United Kingdom
536650,47566,PARTY BUNTING,1,2024-10-08 10:20:00,4.65,12019.0,United Kingdom
536650,21730,GLASS STAR FROSTED T-LIGHT HOLDER,5,2024-10-08 10:20:00,4.25,12019.0,United Kingdom
536651,22633,HAND WARMER UNION JACK,2,2024-09-16 11:33:00,1.85,,United Kingdom
536651,21730,GLASS STAR FROSTED T-LIGHT HOLDER,7,2024-09-16 11:33:00,4.25,12073.0,United Kingdom
536651,22720,SET OF 3 CAKE TINS PANTRY DESIGN,17,2024-09-16 11:33:00,4.95,12073.0,United Kingdom
536652,23203,JUMBO BAG DOILEY PATTERNS,1,2024-01-12 18:23:00,1.95,12060.0,United Kingdom
536652,22752,SET 7 BABUSHKA NESTING BOXES,15,2024-01-12 18:23:00,7.65,12060.0,United Kingdom
536652,22632,HAND WARMER RED POLKA DOT,5,2024-01-12 18:23:00,1.85,12060.0,United Kingdom
536652,22633,HAND WARMER UNION JACK,17,2024-01-12 18:23:00,1.85,12060.0,United Kingdom
536652,84029G,KNITTED UNION FLAG HOT WATER BOTTLE,15,2024-01-12 18:23:00,3.39,12060.0,United Kingdom
536653,21730,GLASS STAR FROSTED T-LIGHT HOLDER,15,2024-11-19 11:12:00,4.25,12058.0,United Kingdom
536653,23298,SPOTTY BUNTING,5,2024-11-19 11:12:00,4.95,12058.0,United Kingdom
536653,23298,SPOTTY BUNTING,5,2024-11-19 11:12:00,4.95,12058.0,United Kingdom
536654,71053,WHITE METAL LANTERN,13,2024-01-10 12:57:00,3.39,12032.0,United Kingdom
536654,22752,SET 7 BABUSHKA NESTING BOXES,15,2024-01-10 12:57:00,7.65,12032.0,United Kingdom
536654,23203,JUMBO BAG DOILEY PATTERNS,11,2024-01-10 12:57:00,1.95,12032.0,United Kingdom
536654,71053,WHITE METAL LANTERN,10,2024-01-10 12:57:00,3.39,12032.0,United Kingdom
536655,85123A,WHITE HANGING HEART T-LIGHT HOLDER,17,2024-06-13 08:38:00,2.95,12009.0,United Kingdom
536655,22720,SET OF 3 CAKE TINS PANTRY DESIGN,16,2024-06-13 08:38:00,4.95,12009.0,United Kingdom
536656,84029G,KNITTED UNION FLAG HOT WATER BOTTLE,19,2024-05-07 19:34:00,3.39,12004.0,United Kingdom
536657,22720,SET OF 3 CAKE TINS PANTRY DESIGN,4,2024-11-25 16:55:00,4.95,12013.0,Germany
536657,84029E,RED WOOLLY HOTTIE WHITE HEART,5,2024-11-25 16:55:00,3.39,12013.0,Germany
536658,85123A,WHITE HANGING HEART T-LIGHT HOLDER,19,2024-02-02 10:07:00,2.95,12010.0,United Kingdom
536659,23298,SPOTTY BUNTING,12,2024-01-28 08:07:00,4.95,12007.0,United Kingdom
536659,71053,WHITE METAL LANTERN,15,2024-01-28 08:07:00,3.39,12007.0,United Kingdom
536659,85123A,WHITE HANGING HEART T-LIGHT HOLDER,12,2024-01-28 08:07:00,2.95,12007.0,United Kingdom
536659,21730,GLASS STAR FROSTED T-LIGHT HOLDER,17,2024-01-28 08:07:00,4.25,12007.0,United Kingdom
536659,84029E,RED WOOLLY HOTTIE WHITE HEART,13,2024-01-28 08:07:00,3.39,12007.0,United Kingdom
536660,22423,REGENCY CAKESTAND 3 TIER,7,2024-07-09 19:42:00,12.75,12035.0,United Kingdom
536660,84406B,CREAM CUPID HEARTS COAT HANGER,9,2024-07-09 19:42:00,2.75,12035.0,United Kingdom
536660,71053,WHITE METAL LANTERN,4,2024-07-09 19:42:00,3.39,12035.0,United Kingdom
536661,23298,SPOTTY BUNTING,5,2024-10-17 17:15:00,4.95,12033.0,United Kingdom
536662,85099B,JUMBO BAG RED RETROSPOT,17,2024-11-03 16:19:00,1.95,12063.0,Spain
536662,23203,JUMBO BAG DOILEY PATTERNS,2,2024-11-03 16:19:00,1.95,12063.0,Spain
536662,23203,JUMBO BAG DOILEY PATTERNS,15,2024-11-03 16:19:00,1.95,12063.0,Spain
536662,84029G,KNITTED UNION FLAG HOT WATER BOTTLE,6,2024-11-03 16:19:00,3.39,12063.0,Spain
536663,71053,WHITE METAL LANTERN,6,2024-03-20 13:41:00,3.39,12060.0,United Kingdom
536663,47566,PARTY BUNTING,11,2024-03-20 13:41:00,4.65,12060.0,United Kingdom
536663,84029G,KNITTED UNION FLAG HOT WATER BOTTLE,6,2024-03-20 13:41:00,3.39,12060.0,United Kingdom
536663,22752,SET 7 BABUSHKA NESTING BOXES,11,2024-03-20 13:41:00,7.65,12060.0,United Kingdom
536663,84029E,RED WOOLLY HOTTIE WHITE HEART,12,2024-03-20 13:41:00,3.39,12060.0,United Kingdom
536664,84029E,RED WOOLLY HOTTIE WHITE HEART,14,2024-08-10 09:37:00,3.39,12035.0,Spain
536665,23298,SPOTTY BUNTING,9,2024-09-03 14:40:00,4.95,12049.0,United Kingdom
536666,84029E,RED WOOLLY HOTTIE WHITE HEART,9,2024-05-29 13:05:00,3.39,12004.0,Spain
536666,22720,SET OF 3 CAKE TINS PANTRY DESIGN,15,2024-05-29 13:05:00,4.95,12004.0,Spain
536667,85123A,WHITE HANGING HEART T-LIGHT HOLDER,15,2024-03-27 18:49:00,2.95,12061.0,United Kingdom
536667,47566,PARTY BUNTING,9,2024-03-27 18:49:00,4.65,12061.0,United Kingdom
536667,22632,HAND WARMER RED POLKA DOT,10,2024-03-27 18:49:00,1.85,12061.0,United Kingdom
536668,47566,PARTY BUNTING,11,2024-08-14 16:55:00,4.65,12006.0,Spain
536668,85099B,JUMBO BAG RED RETROSPOT,12,2024-08-14 16:55:00,1.95,12006.0,Spain
536668,47566,PARTY BUNTING,15,2024-08-14 16:55:00,4.65,12006.0,Spain
536669,22633,HAND WARMER UNION JACK,18,2024-01-27 12:30:00,1.85,12009.0,France
536669,22752,SET 7 BABUSHKA NESTING BOXES,10,2024-01-27 12:30:00,7.65,12009.0,France
536669,22632,HAND WARMER RED POLKA DOT,9,2024-01-27 12:30:00,1.85,12009.0,France
536670,21730,GLASS STAR FROSTED T-LIGHT HOLDER,5,2024-12-17 14:27:00,4.25,12077.0,United Kingdom
536671,22752,SET 7 BABUSHKA NESTING BOXES,15,2024-02-04 15:00:00,7.65,12011.0,United Kingdom
536671,22632,HAND WARMER RED POLKA DOT,14,2024-02-04 15:00:00,1.85,12011.0,United Kingdom
536671,22423,REGENCY CAKESTAND 3 TIER,1,2024-02-04 15:00:00,12.75,12011.0,United Kingdom
536672,47566,PARTY BUNTING,4,2024-07-27 19:09:00,4.65,12017.0,United Kingdom
536672,21730,GLASS STAR FROSTED T-LIGHT HOLDER,12,2024-07-27 19:09:00,4.25,12017.0,United Kingdom
536672,84406B,CREAM CUPID HEARTS COAT HANGER,7,2024-07-27 19:09:00,2.75,12017.0,United Kingdom
536672,22752,SET 7 BABUSHKA NESTING BOXES,13,2024-07-27 19:09:00,7.65,12017.0,United Kingdom
536672,84029E,RED WOOLLY HOTTIE WHITE HEART,8,2024-07-27 19:09:00,3.39,12017.0,United Kingdom
536673,47566,PARTY BUNTING,10,2024-10-04 09:13:00,4.65,12023.0,United Kingdom
536673,84406B,CREAM CUPID HEARTS COAT HANGER,15,2024-10-04 09:13:00,2.75,12023.0,United Kingdom
536673,22633,HAND WARMER UNION JACK,17,2024-10-04 09:13:00,1.85,12023.0,United Kingdom
536673,22752,SET 7 BABUSHKA NESTING BOXES,19,2024-10-04 09:13:00,7.65,12023.0,United Kingdom
536673,22720,SET OF 3 CAKE TINS PANTRY DESIGN,5,2024-10-04 09:13:00,4.95,12023.0,United Kingdom
536674,85099B,JUMBO BAG RED RETROSPOT,12,2024-04-14 12:15:00,1.95,12058.0,France
536674,23298,SPOTTY BUNTING,19,2024-04-14 12:15:00,4.95,12058.0,France
536675,22423,REGENCY CAKESTAND 3 TIER,17,2024-12-27 09:31:00,12.75,12000.0,United Kingdom
536675,21730,GLASS STAR FROSTED T-LIGHT HOLDER,18,2024-12-27 09:31:00,4.25,12000.0,United Kingdom
536675,84029E,RED WOOLLY HOTTIE WHITE HEART,4,2024-12-27 09:31:00,3.39,12000.0,United Kingdom
536675,22752,SET 7 BABUSHKA NESTING BOXES,11,2024-12-27 09:31:00,7.65,12000.0,United Kingdom
536676,84029G,KNITTED UNION FLAG HOT WATER BOTTLE,19,2024-10-30 10:18:00,3.39,12053.0,Spain
536676,21730,GLASS STAR FROSTED T-LIGHT HOLDER,19,2024-10-30 10:18:00,4.25,12053.0,Spain
536676,23203,JUMBO BAG DOILEY PATTERNS,18,2024-10-30 10:18:00,1.95,12053.0,Spain
536677,85099B,JUMBO BAG RED RETROSPOT,11,2024-10-18 19:16:00,1.95,12046.0,United Kingdom
536677,71053,WHITE METAL LANTERN,11,2024-10-18 19:16:00,3.39,12046.0,United Kingdom
536678,22423,REGENCY CAKESTAND 3 TIER,15,2024-07-03 14:38:00,12.75,12013.0,United Kingdom
536678,22720,SET OF 3 CAKE TINS PANTRY DESIGN,7,2024-07-03 14:38:00,4.95,12013.0,United Kingdom
536678,21730,GLASS STAR FROSTED T-LIGHT HOLDER,7,2024-07-03 14:38:00,4.25,,United Kingdom
536679,47566,PARTY BUNTING,9,2024-02-16 13:11:00,4.65,12042.0,United Kingdom
536679,85123A,WHITE HANGING HEART T-LIGHT HOLDER,5,2024-02-16 13:11:00,2.95,12042.0,United Kingdom
536679,71053,WHITE METAL LANTERN,15,2024-02-16 13:11:00,3.39,12042.0,United Kingdom
536679,47566,PARTY BUNTING,11,2024-02-16 13:11:00,4.65,12042.0,United Kingdom
536679,84406B,CREAM CUPID HEARTS COAT HANGER,1,2024-02-16 13:11:00,2.75,12042.0,United Kingdom
536680,23203,JUMBO BAG DOILEY PATTERNS,6,2024-04-25 09:10:00,1.95,12078.0,United Kingdom
536680,22423,REGENCY CAKESTAND 3 TIER,2,2024-04-25 09:10:00,12.75,12078.0,United Kingdom
536680,85123A,WHITE HANGING HEART T-LIGHT HOLDER,2,2024-04-25 09:10:00,2.95,12078.0,United Kingdom
536680,23203,JUMBO BAG DOILEY PATTERNS,12,2024-04-25 09:10:00,1.95,12078.0,United Kingdom
536681,22633,HAND WARMER UNION JACK,12,2024-01-08 08:50:00,1.85,12064.0,United Kingdom
536682,21730,GLASS STAR FROSTED T-LIGHT HOLDER,16,2024-06-11 16:26:00,4.25,12018.0,United Kingdom
536683,22632,HAND WARMER RED POLKA DOT,18,2024-11-21 09:00:00,1.85,12050.0,United Kingdom
536684,22720,SET OF 3 CAKE TINS PANTRY DESIGN,13,2024-07-19 16:09:00,4.95,12026.0,EIRE
536684,84406B,CREAM CUPID HEARTS COAT HANGER,14,2024-07-19 16:09:00,2.75,12026.0,EIRE
536685,22632,HAND WARMER RED POLKA DOT,6,2024-08-06 19:57:00,1.85,12015.0,EIRE
536685,23203,JUMBO BAG DOILEY PATTERNS,10,2024-08-06 19:57:00,1.95,12015.0,EIRE
536685,23298,SPOTTY BUNTING,7,2024-08-06 19:57:00,4.95,12015.0,EIRE
536686,22633,HAND WARMER UNION JACK,14,2024-03-22 16:02:00,1.85,12059.0,United Kingdom
536686,22752,SET 7 BABUSHKA NESTING BOXES,1,2024-03-22 16:02:00,7.65,12059.0,United Kingdom
536687,85099B,JUMBO BAG RED RETROSPOT,15,2024-06-09 14:38:00,1.95,12026.0,United Kingdom
536687,22633,HAND WARMER UNION JACK,16,2024-06-09 14:38:00,1.85,12026.0,United Kingdom
536687,84029G,KNITTED UNION FLAG HOT WATER BOTTLE,14,2024-06-09 14:38:00,3.39,12026.0,United Kingdom
536687,85123A,WHITE HANGING HEART T-LIGHT HOLDER,2,2024-06-09 14:38:00,2.95,12026.0,United Kingdom
536688,84406B,CREAM CUPID HEARTS COAT HANGER,1,2024-06-22 15:36:00,2.75,12069.0,France
536688,22720,SET OF 3 CAKE TINS PANTRY DESIGN,5,2024-06-22 15:36:00,4.95,12069.0,France
536689,84406B,CREAM CUPID HEARTS COAT HANGER,16,2024-06-15 09:24:00,2.75,12046.0,United Kingdom
536690,22633,HAND WARMER UNION JACK,1,2024-12-03 13:12:00,1.85,12045.0,United Kingdom
536690,84029E,RED WOOLLY HOTTIE WHITE HEART,18,2024-12-03 13:12:00,3.39,12045.0,United Kingdom
536690,22633,HAND WARMER UNION JACK,19,2024-12-03 13:12:00,1.85,12045.0,United Kingdom
536690,22633,HAND WARMER UNION JACK,1,2024-12-03 13:12:00,1.85,12045.0,United Kingdom
536690,23203,JUMBO BAG DOILEY PATTERNS,15,2024-12-03 13:12:00,1.95,12045.0,United Kingdom
536691,84406B,CREAM CUPID HEARTS COAT HANGER,11,2024-12-20 10:54:00,2.75,12057.0,United Kingdom
536691,23298,SPOTTY BUNTING,2,2024-12-20 10:54:00,4.95,12057.0,United Kingdom
536691,71053,WHITE METAL LANTERN,17,2024-12-20 10:54:00,3.39,12057.0,United Kingdom
536691,85123A,WHITE HANGING HEART T-LIGHT HOLDER,12,2024-12-20 10:54:00,2.95,12057.0,United Kingdom
536691,47566,PARTY BUNTING,12,2024-12-20 10:54:00,4.65,12057.0,United Kingdom
536692,85099B,JUMBO BAG RED RETROSPOT,15,2024-06-01 15:34:00,1.95,12038.0,United Kingdom
536693,22633,HAND WARMER UNION JACK,9,2024-01-28 16:43:00,1.85,12056.0,United Kingdom
536693,22423,REGENCY CAKESTAND 3 TIER,10,2024-01-28 16:43:00,12.75,12056.0,United Kingdom
536693,22632,HAND WARMER RED POLKA DOT,6,2024-01-28 16:43:00,1.85,12056.0,United Kingdom
536693,23203,JUMBO BAG DOILEY PATTERNS,19,2024-01-28 16:43:00,1.95,12056.0,United Kingdom
536693,71053,WHITE METAL LANTERN,14,2024-01-28 16:43:00,3.39,12056.0,United Kingdom
536694,22423,REGENCY CAKESTAND 3 TIER,9,2024-05-14 19:10:00,12.75,12001.0,United Kingdom
536694,22632,HAND WARMER RED POLKA DOT,18,2024-05-14 19:10:00,1.85,12001.0,United Kingdom
536695,85099B,JUMBO BAG RED RETROSPOT,8,2024-09-24 09:12:00,1.95,12041.0,Spain
536695,84406B,CREAM CUPID HEARTS COAT HANGER,17,2024-09-24 09:12:00,2.75,12041.0,Spain
536695,23298,SPOTTY BUNTING,5,2024-09-24 09:12:00,4.95,12041.0,Spain
536695,22632,HAND WARMER RED POLKA DOT,12,2024-09-24 09:12:00,1.85,12041.0,Spain
536695,22633,HAND WARMER UNION JACK,18,2024-09-24 09:12:00,1.85,12041.0,Spain
536696,22632,HAND WARMER RED POLKA DOT,3,2024-04-04 09:41:00,1.85,12009.0,United Kingdom
536696,21730,GLASS STAR FROSTED T-LIGHT HOLDER,2,2024-04-04 09:41:00,4.25,12009.0,United Kingdom
536696,22423,REGENCY CAKESTAND 3 TIER,13,2024-04-04 09:41:00,12.75,12009.0,United Kingdom
536696,22720,SET OF 3 CAKE TINS PANTRY DESIGN,7,2024-04-04 09:41:00,4.95,12009.0,United Kingdom
536696,84029E,RED WOOLLY HOTTIE WHITE HEART,2,2024-04-04 09:41:00,3.39,12009.0,United Kingdom
536697,22633,HAND WARMER UNION JACK,7,2024-06-22 17:45:00,1.85,12033.0,United Kingdom
536697,85123A,WHITE HANGING HEART T-LIGHT HOLDER,17,2024-06-22 17:45:00,2.95,12033.0,United Kingdom
536698,22720,SET OF 3 CAKE TINS PANTRY DESIGN,19,2024-07-08 11:50:00,4.95,12058.0,United Kingdom
536698,84029G,KNITTED UNION FLAG HOT WATER BOTTLE,13,2024-07-08 11:50:00,3.39,12058.0,United Kingdom
536698,84406B,CREAM CUPID HEARTS COAT HANGER,3,2024-07-08 11:50:00,2.75,12058.0,United Kingdom
536699,84029E,RED WOOLLY HOTTIE WHITE HEART,3,2024-11-19 16:29:00,3.39,12028.0,United Kingdom
536700,21730,GLASS STAR FROSTED T-LIGHT HOLDER,3,2024-09-07 09:02:00,4.25,12014.0,United Kingdom
536700,84029G,KNITTED UNION FLAG HOT WATER BOTTLE,9,2024-09-07 09:02:00,3.39,12014.0,United Kingdom
536701,21730,GLASS STAR FROSTED T-LIGHT HOLDER,1,2024-05-31 14:31:00,4.25,12055.0,United Kingdom
536701,22423,REGENCY CAKESTAND 3 TIER,12,2024-05-31 14:31:00,12.75,12055.0,United Kingdom
536702,21730,GLASS STAR FROSTED T-LIGHT HOLDER,1,2024-05-16 11:39:00,4.25,12024.0,Germany
536703,23298,SPOTTY BUNTING,16,2024-03-31 12:27:00,4.95,12036.0,United Kingdom
536703,85123A,WHITE HANGING HEART T-LIGHT HOLDER,8,2024-03-31 12:27:00,2.95,12036.0,United Kingdom
536704,85099B,JUMBO BAG RED RETROSPOT,10,2024-07-12 10:35:00,1.95,12067.0,United Kingdom
536705,71053,WHITE METAL LANTERN,15,2024-05-05 18:25:00,3.39,12060.0,France
536706,84029G,KNITTED UNION FLAG HOT WATER BOTTLE,15,2024-12-09 11:01:00,3.39,12066.0,Spain
536706,23203,JUMBO BAG DOILEY PATTERNS,6,2024-12-09 11:01:00,1.95,12066.0,Spain
536706,23298,SPOTTY BUNTING,15,2024-12-09 11:01:00,4.95,12066.0,Spain
536706,22633,HAND WARMER UNION JACK,13,2024-12-09 11:01:00,1.85,12066.0,Spain
536707,22752,SET 7 BABUSHKA NESTING BOXES,9,2024-12-05 19:58:00,7.65,12021.0,France
536708,71053,WHITE METAL LANTERN,19,2024-07-18 14:08:00,3.39,12076.0,Germany
536708,84406B,CREAM CUPID HEARTS COAT HANGER,1,2024-07-18 14:08:00,2.75,12076.0,Germany
536709,85123A,WHITE HANGING HEART T-LIGHT HOLDER,10,2024-06-14 09:50:00,2.95,12006.0,United Kingdom
536709,84406B,CREAM CUPID HEARTS COAT HANGER,19,2024-06-14 09:50:00,2.75,12006.0,United Kingdom
536710,22423,REGENCY CAKESTAND 3 TIER,18,2024-06-22 08:07:00,12.75,12023.0,United Kingdom
536711,22632,HAND WARMER RED POLKA DOT,9,2024-04-07 17:30:00,1.85,12078.0,United Kingdom
536712,47566,PARTY BUNTING,5,2024-12-05 16:30:00,4.65,12000.0,Spain
536712,23203,JUMBO BAG DOILEY PATTERNS,10,2024-12-05 16:30:00,1.95,12000.0,Spain
536712,22423,REGENCY CAKESTAND 3 TIER,17,2024-12-05 16:30:00,12.75,12000.0,Spain
536712,84406B,CREAM CUPID HEARTS COAT HANGER,9,2024-12-05 16:30:00,2.75,12000.0,Spain
536712,71053,WHITE METAL LANTERN,6,2024-12-05 16:30:00,3.39,12000.0,Spain
536713,23203,JUMBO BAG DOILEY PATTERNS,19,2024-11-08 18:23:00,1.95,12033.0,United Kingdom
536713,84029G,KNITTED UNION FLAG HOT WATER BOTTLE,4,2024-11-08 18:23:00,3.39,12033.0,United Kingdom
536713,22423,REGENCY CAKESTAND 3 TIER,6,2024-11-08 18:23:00,12.75,12033.0,United Kingdom
536714,22423,REGENCY CAKESTAND 3 TIER,13,2024-01-12 12:23:00,12.75,12015.0,United Kingdom
536714,21730,GLASS STAR FROSTED T-LIGHT HOLDER,4,2024-01-12 12:23:00,4.25,12015.0,United Kingdom
536715,21730,GLASS STAR FROSTED T-LIGHT HOLDER,7,2024-09-03 12:15:00,4.25,12040.0,United Kingdom
536715,84029E,RED WOOLLY HOTTIE WHITE HEART,14,2024-09-03 12:15:00,3.39,12040.0,United Kingdom
536716,85123A,WHITE HANGING HEART T-LIGHT HOLDER,11,2024-06-19 15:21:00,2.95,12036.0,United Kingdom
536716,84029G,KNITTED UNION FLAG HOT WATER BOTTLE,5,2024-06-19 15:21:00,3.39,12036.0,United Kingdom
536716,85123A,WHITE HANGING HEART T-LIGHT HOLDER,18,2024-06-19 15:21:00,2.95,12036.0,United Kingdom
536716,21730,GLASS STAR FROSTED T-LIGHT HOLDER,7,2024-06-19 15:21:00,4.25,12036.0,United Kingdom
536716,23298,SPOTTY BUNTING,1,2024-06-19 15:21:00,4.95,12036.0,United Kingdom
536717,22423,REGENCY CAKESTAND 3 TIER,15,2024-06-29 14:07:00,12.75,12045.0,Spain
536717,22752,SET 7 BABUSHKA NESTING BOXES,3,2024-06-29 14:07:00,7.65,12045.0,Spain
536718,84406B,CREAM CUPID HEARTS COAT HANGER,14,2024-10-21 18:56:00,2.75,12023.0,United Kingdom
536718,21730,GLASS STAR FROSTED T-LIGHT HOLDER,14,2024-10-21 18:56:00,4.25,12023.0,United Kingdom
536718,22423,REGENCY CAKESTAND 3 TIER,19,2024-10-21 18:56:00,12.75,12023.0,United Kingdom
536718,22633,HAND WARMER UNION JACK,7,2024-10-21 18:56:00,1.85,12023.0,United Kingdom
536719,23298,SPOTTY BUNTING,4,2024-02-29 09:31:00,4.95,12042.0,Germany
536719,21730,GLASS STAR FROSTED T-LIGHT HOLDER,12,2024-02-29 09:31:00,4.25,12042.0,Germany
536719,22752,SET 7 BABUSHKA NESTING BOXES,1,2024-02-29 09:31:00,7.65,12042.0,Germany
536720,47566,PARTY BUNTING,3,2024-12-04 15:15:00,4.65,12005.0,United Kingdom
536721,22752,SET 7 BABUSHKA NESTING BOXES,6,2024-03-28 12:16:00,7.65,12060.0,Germany
536722,47566,PARTY BUNTING,7,2024-03-11 18:22:00,4.65,12021.0,United Kingdom
536722,22752,SET 7 BABUSHKA NESTING BOXES,7,2024-03-11 18:22:00,7.65,12021.0,United Kingdom
536723,84029E,RED WOOLLY HOTTIE WHITE HEART,15,2024-02-02 15:01:00,3.39,12026.0,United Kingdom
536723,22632,HAND WARMER RED POLKA DOT,19,2024-02-02 15:01:00,1.85,12026.0,United Kingdom
536724,23203,JUMBO BAG DOILEY PATTERNS,6,2024-12-04 08:30:00,1.95,12028.0,Germany
536724,85123A,WHITE HANGING HEART T-LIGHT HOLDER,15,2024-12-04 08:30:00,2.95,12028.0,Germany
536724,71053,WHITE METAL LANTERN,15,2024-12-04 08:30:00,3.39,12028.0,Germany
536725,71053,WHITE METAL LANTERN,15,2024-11-04 13:53:00,3.39,12058.0,United Kingdom
536725,22423,REGENCY CAKESTAND 3 TIER,16,2024-11-04 13:53:00,12.75,12058.0,United Kingdom
536725,23298,SPOTTY BUNTING,6,2024-11-04 13:53:00,4.95,12058.0,United Kingdom
536726,21730,GLASS STAR FROSTED T-LIGHT HOLDER,15,2024-12-05 13:05:00,4.25,12005.0,Spain
536726,85123A,WHITE HANGING HEART T-LIGHT HOLDER,2,2024-12-05 13:05:00,2.95,12005.0,Spain
536726,84029E,RED WOOLLY HOTTIE WHITE HEART,13,2024-12-05 13:05:00,3.39,12005.0,Spain
536726,84406B,CREAM CUPID HEARTS COAT HANGER,1,2024-12-05 13:05:00,2.75,12005.0,Spain
536726,22423,REGENCY CAKESTAND 3 TIER,15,2024-12-05 13:05:00,12.75,12005.0,Spain
536727,22752,SET 7 BABUSHKA NESTING BOXES,2,2024-10-18 17:36:00,7.65,12059.0,United Kingdom
536727,23298,SPOTTY BUNTING,6,2024-10-18 17:36:00,4.95,12059.0,United Kingdom
536727,47566,PARTY BUNTING,8,2024-10-18 17:36:00,4.65,12059.0,United Kingdom
536727,22720,SET OF 3 CAKE TINS PANTRY DESIGN,1,2024-10-18 17:36:00,4.95,12059.0,United Kingdom
536727,85099B,JUMBO BAG RED RETROSPOT,9,2024-10-18 17:36:00,1.95,12059.0,United Kingdom
536728,85123A,WHITE HANGING HEART T-LIGHT HOLDER,17,2024-04-06 19:23:00,2.95,12037.0,EIRE
536728,84406B,CREAM CUPID HEARTS COAT HANGER,6,2024-04-06 19:23:00,2.75,12037.0,EIRE
536728,22720,SET OF 3 CAKE TINS PANTRY DESIGN,17,2024-04-06 19:23:00,4.95,12037.0,EIRE
536729,85123A,WHITE HANGING HEART T-LIGHT HOLDER,8,2024-06-04 17:19:00,2.95,12073.0,France
536729,22633,HAND WARMER UNION JACK,5,2024-06-04 17:19:00,1.85,12073.0,France
536729,22752,SET 7 BABUSHKA NESTING BOXES,10,2024-06-04 17:19:00,7.65,,France
536730,22632,HAND WARMER RED POLKA DOT,8,2024-02-25 17:21:00,1.85,12003.0,United Kingdom
536730,22633,HAND WARMER UNION JACK,16,2024-02-25 17:21:00,1.85,12003.0,United Kingdom
536730,47566,PARTY BUNTING,5,2024-02-25 17:21:00,4.65,12003.0,United Kingdom
536731,22632,HAND WARMER RED POLKA DOT,16,2024-12-19 08:47:00,1.85,12053.0,United Kingdom
536731,84406B,CREAM CUPID HEARTS COAT HANGER,3,2024-12-19 08:47:00,2.75,12053.0,United Kingdom
536731,23203,JUMBO BAG DOILEY PATTERNS,11,2024-12-19 08:47:00,1.95,12053.0,United Kingdom
536731,22632,HAND WARMER RED POLKA DOT,4,2024-12-19 08:47:00,1.85,12053.0,United Kingdom
536731,84029G,KNITTED UNION FLAG HOT WATER BOTTLE,16,2024-12-19 08:47:00,3.39,12053.0,United Kingdom
536732,47566,PARTY BUNTING,3,2024-08-01 11:15:00,4.65,12024.0,United Kingdom
536732,22752,SET 7 BABUSHKA NESTING BOXES,11,2024-08-01 11:15:00,7.65,12024.0,United Kingdom
536732,22752,SET 7 BABUSHKA NESTING BOXES,14,2024-08-01 11:15:00,7.65,12024.0,United Kingdom
536732,84029G,KNITTED UNION FLAG HOT WATER BOTTLE,2,2024-08-01 11:15:00,3.39,12024.0,United Kingdom
536732,22752,SET 7 BABUSHKA NESTING BOXES,12,2024-08-01 11:15:00,7.65,12024.0,United Kingdom
536733,84029E,RED WOOLLY HOTTIE WHITE HEART,5,2024-10-24 08:04:00,3.39,12014.0,United Kingdom
536733,71053,WHITE METAL LANTERN,13,2024-10-24 08:04:00,3.39,12014.0,United Kingdom
536733,22752,SET 7 BABUSHKA NESTING BOXES,3,2024-10-24 08:04:00,7.65,,United Kingdom
536734,84029G,KNITTED UNION FLAG HOT WATER BOTTLE,7,2024-12-08 11:53:00,3.39,12031.0,United Kingdom
536735,22633,HAND WARMER UNION JACK,3,2024-08-02 12:43:00,1.85,12009.0,United Kingdom
536735,22423,REGENCY CAKESTAND 3 TIER,2,2024-08-02 12:43:00,12.75,12009.0,United Kingdom
536735,22423,REGENCY CAKESTAND 3 TIER,19,2024-08-02 12:43:00,12.75,12009.0,United Kingdom
536736,23298,SPOTTY BUNTING,18,2024-06-15 11:52:00,4.95,12061.0,United Kingdom
536736,23203,JUMBO BAG DOILEY PATTERNS,2,2024-06-15 11:52:00,1.95,12061.0,United Kingdom
536736,23203,JUMBO BAG DOILEY PATTERNS,3,2024-06-15 11:52:00,1.95,12061.0,United Kingdom
536737,84029E,RED WOOLLY HOTTIE WHITE HEART,7,2024-12-05 15:56:00,3.39,12046.0,United Kingdom
536737,22423,REGENCY CAKESTAND 3 TIER,9,2024-12-05 15:56:00,12.75,12046.0,United Kingdom
536738,22720,SET OF 3 CAKE TINS PANTRY DESIGN,5,2024-05-31 11:11:00,4.95,12058.0,United Kingdom
536738,22633,HAND WARMER UNION JACK,14,2024-05-31 11:11:00,1.85,12058.0,United Kingdom
536738,85099B,JUMBO BAG RED RETROSPOT,2,2024-05-31 11:11:00,1.95,12058.0,United Kingdom
536738,22632,HAND WARMER RED POLKA DOT,1,2024-05-31 11:11:00,1.85,12058.0,United Kingdom
536738,71053,WHITE METAL LANTERN,13,2024-05-31 11:11:00,3.39,12058.0,United Kingdom
536739,23298,SPOTTY BUNTING,19,2024-05-03 15:39:00,4.95,12008.0,United Kingdom
536740,22720,SET OF 3 CAKE TINS PANTRY DESIGN,7,2024-09-30 12:52:00,4.95,12071.0,United Kingdom
536741,22720,SET OF 3 CAKE TINS PANTRY DESIGN,2,2024-05-14 18:32:00,4.95,12075.0,United Kingdom
536741,22633,HAND WARMER UNION JACK,8,2024-05-14 18:32:00,1.85,12075.0,United Kingdom
536742,22423,REGENCY CAKESTAND 3 TIER,5,2024-04-02 15:23:00,12.75,12043.0,United Kingdom
536743,22423,REGENCY CAKESTAND 3 TIER,11,2024-08-16 11:23:00,12.75,12024.0,United Kingdom
536743,47566,PARTY BUNTING,15,2024-08-16 11:23:00,4.65,12024.0,United Kingdom
536744,84029E,RED WOOLLY HOTTIE WHITE HEART,10,2024-05-18 11:35:00,3.39,12001.0,United Kingdom
536744,71053,WHITE METAL LANTERN,18,2024-05-18 11:35:00,3.39,12001.0,United Kingdom
536744,23203,JUMBO BAG DOILEY PATTERNS,16,2024-05-18 11:35:00,1.95,12001.0,United Kingdom
536744,22752,SET 7 BABUSHKA NESTING BOXES,2,2024-05-18 11:35:00,7.65,12001.0,United Kingdom
536744,22423,REGENCY CAKESTAND 3 TIER,9,2024-05-18 11:35:00,12.75,12001.0,United Kingdom
536745,85123A,WHITE HANGING HEART T-LIGHT HOLDER,2,2024-09-11 14:59:00,2.95,12079.0,Germany
536745,21730,GLASS STAR FROSTED T-LIGHT HOLDER,11,2024-09-11 14:59:00,4.25,12079.0,Germany
536745,85123A,WHITE HANGING HEART T-LIGHT HOLDER,3,2024-09-11 14:59:00,2.95,12079.0,Germany
536746,22720,SET OF 3 CAKE TINS PANTRY DESIGN,17,2024-10-01 08:30:00,4.95,12056.0,United Kingdom
536746,22632,HAND WARMER RED POLKA DOT,12,2024-10-01 08:30:00,1.85,12056.0,United Kingdom
536746,23203,JUMBO BAG DOILEY PATTERNS,12,2024-10-01 08:30:00,1.95,12056.0,United Kingdom
536746,21730,GLASS STAR FROSTED T-LIGHT HOLDER,15,2024-10-01 08:30:00,4.25,12056.0,United Kingdom
536747,71053,WHITE METAL LANTERN,11,2024-11-03 14:52:00,3.39,12047.0,United Kingdom
536748,22633,HAND WARMER UNION JACK,8,2024-03-19 09:51:00,1.85,12056.0,Germany
536748,85123A,WHITE HANGING HEART T-LIGHT HOLDER,4,2024-03-19 09:51:00,2.95,12056.0,Germany
536748,23203,JUMBO BAG DOILEY PATTERNS,7,2024-03-19 09:51:00,1.95,12056.0,Germany
536748,22423,REGENCY CAKESTAND 3 TIER,14,2024-03-19 09:51:00,12.75,12056.0,Germany
536749,22423,REGENCY CAKESTAND 3 TIER,15,2024-03-15 16:05:00,12.75,12024.0,United Kingdom
536749,71053,WHITE METAL LANTERN,4,2024-03-15 16:05:00,3.39,12024.0,United Kingdom
536749,84029E,RED WOOLLY HOTTIE WHITE HEART,6,2024-03-15 16:05:00,3.39,12024.0,United Kingdom
536749,84406B,CREAM CUPID HEARTS COAT HANGER,19,2024-03-15 16:05:00,2.75,12024.0,United Kingdom
536749,84406B,CREAM CUPID HEARTS COAT HANGER,14,2024-03-15 16:05:00,2.75,12024.0,United Kingdom
536750,22423,REGENCY CAKESTAND 3 TIER,1,2024-08-10 10:18:00,12.75,12046.0,United Kingdom
536750,71053,WHITE METAL LANTERN,14,2024-08-10 10:18:00,3.39,12046.0,United Kingdom
536751,47566,PARTY BUNTING,19,2024-01-16 18:00:00,4.65,12049.0,Spain
536751,84029E,RED WOOLLY HOTTIE WHITE HEART,15,2024-01-16 18:00:00,3.39,12049.0,Spain
536751,84029G,KNITTED UNION FLAG HOT WATER BOTTLE,9,2024-01-16 18:00:00,3.39,12049.0,Spain
536751,84029G,KNITTED UNION FLAG HOT WATER BOTTLE,10,2024-01-16 18:00:00,3.39,12049.0,Spain
536752,22632,HAND WARMER RED POLKA DOT,9,2024-06-08 09:19:00,1.85,12069.0,Germany
536752,84029E,RED WOOLLY HOTTIE WHITE HEART,12,2024-06-08 09:19:00,3.39,12069.0,Germany
536752,85099B,JUMBO BAG RED RETROSPOT,18,2024-06-08 09:19:00,1.95,12069.0,Germany
536753,85123A,WHITE HANGING HEART T-LIGHT HOLDER,4,2024-12-29 17:04:00,2.95,12049.0,United Kingdom
536753,23298,SPOTTY BUNTING,7,2024-12-29 17:04:00,4.95,12049.0,United Kingdom
536754,22720,SET OF 3 CAKE TINS PANTRY DESIGN,10,2024-04-14 11:10:00,4.95,12011.0,United Kingdom
536754,85099B,JUMBO BAG RED RETROSPOT,18,2024-04-14 11:10:00,1.95,12011.0,United Kingdom
536754,22720,SET OF 3 CAKE TINS PANTRY DESIGN,1,2024-04-14 11:10:00,4.95,12011.0,United Kingdom
536754,47566,PARTY BUNTING,2,2024-04-14 11:10:00,4.65,12011.0,United Kingdom
536755,22752,SET 7 BABUSHKA NESTING BOXES,19,2024-05-27 16:04:00,7.65,12002.0,United Kingdom
536755,84029E,RED WOOLLY HOTTIE WHITE HEART,4,2024-05-27 16:04:00,3.39,12002.0,United Kingdom
536756,22720,SET OF 3 CAKE TINS PANTRY DESIGN,12,2024-03-13 09:34:00,4.95,12009.0,United Kingdom
536756,84406B,CREAM CUPID HEARTS COAT HANGER,8,2024-03-13 09:34:00,2.75,12009.0,United Kingdom
536756,84029E,RED WOOLLY HOTTIE WHITE HEART,16,2024-03-13 09:34:00,3.39,12009.0,United Kingdom
536757,84029G,KNITTED UNION FLAG HOT WATER BOTTLE,17,2024-02-20 16:25:00,3.39,12024.0,United Kingdom
536757,22720,SET OF 3 CAKE TINS PANTRY DESIGN,8,2024-02-20 16:25:00,4.95,12024.0,United Kingdom
536757,22632,HAND WARMER RED POLKA DOT,11,2024-02-20 16:25:00,1.85,12024.0,United Kingdom
536757,85099B,JUMBO BAG RED RETROSPOT,2,2024-02-20 16:25:00,1.95,12024.0,United Kingdom
536758,47566,PARTY BUNTING,6,2024-03-03 16:04:00,4.65,12025.0,United Kingdom
536758,85123A,WHITE HANGING HEART T-LIGHT HOLDER,14,2024-03-03 16:04:00,2.95,12025.0,United Kingdom
536758,85123A,WHITE HANGING HEART T-LIGHT HOLDER,2,2024-03-03 16:04:00,2.95,12025.0,United Kingdom
536758,47566,PARTY BUNTING,17,2024-03-03 16:04:00,4.65,12025.0,United Kingdom
536759,23203,JUMBO BAG DOILEY PATTERNS,2,2024-10-31 08:05:00,1.95,12056.0,United Kingdom
536760,23298,SPOTTY BUNTING,9,2024-11-07 16:14:00,4.95,12043.0,United Kingdom
536760,84029E,RED WOOLLY HOTTIE WHITE HEART,16,2024-11-07 16:14:00,3.39,12043.0,United Kingdom
536760,23203,JUMBO BAG DOILEY PATTERNS,10,2024-11-07 16:14:00,1.95,12043.0,United Kingdom
536761,22632,HAND WARMER RED POLKA DOT,16,2024-07-01 18:59:00,1.85,12002.0,United Kingdom
536762,71053,WHITE METAL LANTERN,13,2024-01-19 11:28:00,3.39,12075.0,United Kingdom
536762,23203,JUMBO BAG DOILEY PATTERNS,14,2024-01-19 11:28:00,1.95,12075.0,United Kingdom
536762,23298,SPOTTY BUNTING,6,2024-01-19 11:28:00,4.95,12075.0,United Kingdom
536762,22720,SET OF 3 CAKE TINS PANTRY DESIGN,8,2024-01-19 11:28:00,4.95,12075.0,United Kingdom
536762,85123A,WHITE HANGING HEART T-LIGHT HOLDER,7,2024-01-19 11:28:00,2.95,12075.0,United Kingdom
536763,22423,REGENCY CAKESTAND 3 TIER,6,2024-07-09 11:27:00,12.75,12027.0,United Kingdom
536763,23298,SPOTTY BUNTING,5,2024-07-09 11:27:00,4.95,12027.0,United Kingdom
536764,84029G,KNITTED UNION FLAG HOT WATER BOTTLE,12,2024-05-13 08:08:00,3.39,12069.0,Germany
536764,22632,HAND WARMER RED POLKA DOT,3,2024-05-13 08:08:00,1.85,12069.0,Germany
536764,21730,GLASS STAR FROSTED T-LIGHT HOLDER,14,2024-05-13 08:08:00,4.25,12069.0,Germany
536764,47566,PARTY BUNTING,17,2024-05-13 08:08:00,4.65,12069.0,Germany
536764,71053,WHITE METAL LANTERN,5,2024-05-13 08:08:00,3.39,12069.0,Germany
536765,84029E,RED WOOLLY HOTTIE WHITE HEART,15,2024-02-24 14:00:00,3.39,12034.0,United Kingdom
536766,71053,WHITE METAL LANTERN,2,2024-12-26 11:02:00,3.39,12014.0,United Kingdom
536766,22720,SET OF 3 CAKE TINS PANTRY DESIGN,12,2024-12-26 11:02:00,4.95,12014.0,United Kingdom
536766,22752,SET 7 BABUSHKA NESTING BOXES,15,2024-12-26 11:02:00,7.65,12014.0,United Kingdom
536766,22720,SET OF 3 CAKE TINS PANTRY DESIGN,7,2024-12-26 11:02:00,4.95,12014.0,United Kingdom
536767,47566,PARTY BUNTING,5,2024-01-04 11:35:00,4.65,12044.0,United Kingdom
536767,22752,SET 7 BABUSHKA NESTING BOXES,4,2024-01-04 11:35:00,7.65,12044.0,United Kingdom
536767,22633,HAND WARMER UNION JACK,3,2024-01-04 11:35:00,1.85,12044.0,United Kingdom
536767,22752,SET 7 BABUSHKA NESTING BOXES,11,2024-01-04 11:35:00,7.65,12044.0,United Kingdom
536767,85099B,JUMBO BAG RED RETROSPOT,12,2024-01-04 11:35:00,1.95,12044.0,United Kingdom
536768,22752,SET 7 BABUSHKA NESTING BOXES,16,2024-10-16 16:45:00,7.65,12017.0,United Kingdom
536768,84029G,KNITTED UNION FLAG HOT WATER BOTTLE,5,2024-10-16 16:45:00,3.39,12017.0,United Kingdom
536768,22633,HAND WARMER UNION JACK,11,2024-10-16 16:45:00,1.85,12017.0,United Kingdom
536768,23298,SPOTTY BUNTING,6,2024-10-16 16:45:00,4.95,12017.0,United Kingdom
536768,23203,JUMBO BAG DOILEY PATTERNS,7,2024-10-16 16:45:00,1.95,12017.0,United Kingdom
536769,22633,HAND WARMER UNION JACK,8,2024-12-06 14:40:00,1.85,12042.0,EIRE
536769,84406B,CREAM CUPID HEARTS COAT HANGER,11,2024-12-06 14:40:00,2.75,12042.0,EIRE
536769,23203,JUMBO BAG DOILEY PATTERNS,10,2024-12-06 14:40:00,1.95,12042.0,EIRE
536769,22752,SET 7 BABUSHKA NESTING BOXES,3,2024-12-06 14:40:00,7.65,12042.0,EIRE
536769,22752,SET 7 BABUSHKA NESTING BOXES,5,2024-12-06 14:40:00,7.65,12042.0,EIRE
536770,23298,SPOTTY BUNTING,3,2024-07-11 09:04:00,4.95,12078.0,EIRE
536770,71053,WHITE METAL LANTERN,4,2024-07-11 09:04:00,3.39,12078.0,EIRE
536770,23298,SPOTTY BUNTING,15,2024-07-11 09:04:00,4.95,12078.0,EIRE
536770,22720,SET OF 3 CAKE TINS PANTRY DESIGN,2,2024-07-11 09:04:00,4.95,12078.0,EIRE
536770,84406B,CREAM CUPID HEARTS COAT HANGER,18,2024-07-11 09:04:00,2.75,12078.0,EIRE
536771,22720,SET OF 3 CAKE TINS PANTRY DESIGN,13,2024-09-21 09:04:00,4.95,12074.0,United Kingdom
536771,84029G,KNITTED UNION FLAG HOT WATER BOTTLE,15,2024-09-21 09:04:00,3.39,12074.0,United Kingdom
536771,85123A,WHITE HANGING HEART T-LIGHT HOLDER,16,2024-09-21 09:04:00,2.95,12074.0,United Kingdom
536771,23203,JUMBO BAG DOILEY PATTERNS,14,2024-09-21 09:04:00,1.95,12074.0,United Kingdom
536772,84406B,CREAM CUPID HEARTS COAT HANGER,19,2024-08-01 13:19:00,2.75,12070.0,Spain
536772,85123A,WHITE HANGING HEART T-LIGHT HOLDER,12,2024-08-01 13:19:00,2.95,12070.0,Spain
536772,84406B,CREAM CUPID HEARTS COAT HANGER,13,2024-08-01 13:19:00,2.75,12070.0,Spain
536772,21730,GLASS STAR FROSTED T-LIGHT HOLDER,9,2024-08-01 13:19:00,4.25,12070.0,Spain
536773,85123A,WHITE HANGING HEART T-LIGHT HOLDER,4,2024-10-02 12:59:00,2.95,12053.0,United Kingdom
536774,85123A,WHITE HANGING HEART T-LIGHT HOLDER,1,2024-07-15 12:28:00,2.95,12055.0,EIRE
536774,22633,HAND WARMER UNION JACK,8,2024-07-15 12:28:00,1.85,12055.0,EIRE
536774,22720,SET OF 3 CAKE TINS PANTRY DESIGN,12,2024-07-15 12:28:00,4.95,12055.0,EIRE
536775,84406B,CREAM CUPID HEARTS COAT HANGER,13,2024-08-01 12:39:00,2.75,12060.0,United Kingdom
536775,84029E,RED WOOLLY HOTTIE WHITE HEART,16,2024-08-01 12:39:00,3.39,12060.0,United Kingdom
536775,23298,SPOTTY BUNTING,12,2024-08-01 12:39:00,4.95,12060.0,United Kingdom
536775,47566,PARTY BUNTING,11,2024-08-01 12:39:00,4.65,12060.0,United Kingdom
536776,22720,SET OF 3 CAKE TINS PANTRY DESIGN,11,2024-08-09 17:06:00,4.95,12002.0,United Kingdom
536776,47566,PARTY BUNTING,17,2024-08-09 17:06:00,4.65,12002.0,United Kingdom
536777,84406B,CREAM CUPID HEARTS COAT HANGER,5,2024-09-04 11:05:00,2.75,12044.0,United Kingdom
536777,85123A,WHITE HANGING HEART T-LIGHT HOLDER,14,2024-09-04 11:05:00,2.95,12044.0,United Kingdom
536777,23203,JUMBO BAG DOILEY PATTERNS,16,2024-09-04 11:05:00,1.95,12044.0,United Kingdom
536778,22423,REGENCY CAKESTAND 3 TIER,9,2024-08-04 19:35:00,12.75,12030.0,United Kingdom
536778,22720,SET OF 3 CAKE TINS PANTRY DESIGN,17,2024-08-04 19:35:00,4.95,12030.0,United Kingdom
536779,84029E,RED WOOLLY HOTTIE WHITE HEART,1,2024-09-21 12:31:00,3.39,12002.0,United Kingdom
536779,23298,SPOTTY BUNTING,3,2024-09-21 12:31:00,4.95,12002.0,United Kingdom
536780,22752,SET 7 BABUSHKA NESTING BOXES,10,2024-03-11 09:22:00,7.65,12030.0,Spain
536780,47566,PARTY BUNTING,5,2024-03-11 09:22:00,4.65,12030.0,Spain
536780,47566,PARTY BUNTING,3,2024-03-11 09:22:00,4.65,12030.0,Spain
536780,84029G,KNITTED UNION FLAG HOT WATER BOTTLE,7,2024-03-11 09:22:00,3.39,12030.0,Spain
536780,85123A,WHITE HANGING HEART T-LIGHT HOLDER,16,2024-03-11 09:22:00,2.95,12030.0,Spain
536781,22632,HAND WARMER RED POLKA DOT,3,2024-05-19 18:46:00,1.85,12068.0,Germany
536781,23203,JUMBO BAG DOILEY PATTERNS,12,2024-05-19 18:46:00,1.95,12068.0,Germany
536781,23203,JUMBO BAG DOILEY PATTERNS,19,2024-05-19 18:46:00,1.95,12068.0,Germany
536781,84406B,CREAM CUPID HEARTS COAT HANGER,8,2024-05-19 18:46:00,2.75,12068.0,Germany
536781,84406B,CREAM CUPID HEARTS COAT HANGER,1,2024-05-19 18:46:00,2.75,12068.0,Germany
536782,47566,PARTY BUNTING,11,2024-12-03 19:53:00,4.65,12077.0,United Kingdom
536782,85099B,JUMBO BAG RED RETROSPOT,5,2024-12-03 19:53:00,1.95,12077.0,United Kingdom
536782,23298,SPOTTY BUNTING,16,2024-12-03 19:53:00,4.95,12077.0,United Kingdom
536783,23298,SPOTTY BUNTING,19,2024-06-30 10:02:00,4.95,12054.0,United Kingdom
536783,22633,HAND WARMER UNION JACK,16,2024-06-30 10:02:00,1.85,12054.0,United Kingdom
536783,22423,REGENCY CAKESTAND 3 TIER,6,2024-06-30 10:02:00,12.75,12054.0,United Kingdom
536783,22720,SET OF 3 CAKE TINS PANTRY DESIGN,2,2024-06-30 10:02:00,4.95,12054.0,United Kingdom
536784,23298,SPOTTY BUNTING,13,2024-12-09 15:56:00,4.95,12047.0,United Kingdom
536784,23203,JUMBO BAG DOILEY PATTERNS,9,2024-12-09 15:56:00,1.95,12047.0,United Kingdom
536784,22423,REGENCY CAKESTAND 3 TIER,8,2024-12-09 15:56:00,12.75,12047.0,United Kingdom
536785,84029E,RED WOOLLY HOTTIE WHITE HEART,16,2024-02-13 11:05:00,3.39,12069.0,France
536785,22752,SET 7 BABUSHKA NESTING BOXES,3,2024-02-13 11:05:00,7.65,12069.0,France
536786,22752,SET 7 BABUSHKA NESTING BOXES,4,2024-03-23 18:32:00,7.65,12001.0,Spain
536786,22752,SET 7 BABUSHKA NESTING BOXES,11,2024-03-23 18:32:00,7.65,12001.0,Spain
536787,21730,GLASS STAR FROSTED T-LIGHT HOLDER,3,2024-05-14 17:37:00,4.25,12064.0,United Kingdom
536787,47566,PARTY BUNTING,18,2024-05-14 17:37:00,4.65,12064.0,United Kingdom
536787,85123A,WHITE HANGING HEART T-LIGHT HOLDER,18,2024-05-14 17:37:00,2.95,12064.0,United Kingdom
536787,47566,PARTY BUNTING,16,2024-05-14 17:37:00,4.65,12064.0,United Kingdom
536787,84029G,KNITTED UNION FLAG HOT WATER BOTTLE,12,2024-05-14 17:37:00,3.39,12064.0,United Kingdom
536788,22633,HAND WARMER UNION JACK,1,2024-08-14 15:38:00,1.85,12043.0,United Kingdom
536788,85123A,WHITE HANGING HEART T-LIGHT HOLDER,19,2024-08-14 15:38:00,2.95,12043.0,United Kingdom
536788,23203,JUMBO BAG DOILEY PATTERNS,12,2024-08-14 15:38:00,1.95,12043.0,United Kingdom
536788,84406B,CREAM CUPID HEARTS COAT HANGER,15,2024-08-14 15:38:00,2.75,12043.0,United Kingdom
536789,84029E,RED WOOLLY HOTTIE WHITE HEART,10,2024-05-17 11:00:00,3.39,12011.0,Germany
536789,85123A,WHITE HANGING HEART T-LIGHT HOLDER,9,2024-05-17 11:00:00,2.95,12011.0,Germany
536789,22633,HAND WARMER UNION JACK,7,2024-05-17 11:00:00,1.85,12011.0,Germany
536790,85123A,WHITE HANGING HEART T-LIGHT HOLDER,19,2024-04-01 09:31:00,2.95,12066.0,EIRE
536790,21730,GLASS STAR FROSTED T-LIGHT HOLDER,4,2024-04-01 09:31:00,4.25,12066.0,EIRE
536791,84029G,KNITTED UNION FLAG HOT WATER BOTTLE,10,2024-04-26 19:17:00,3.39,12049.0,United Kingdom
536791,71053,WHITE METAL LANTERN,13,2024-04-26 19:17:00,3.39,12049.0,United Kingdom
536791,23298,SPOTTY BUNTING,19,2024-04-26 19:17:00,4.95,12049.0,United Kingdom
536792,84029G,KNITTED UNION FLAG HOT WATER BOTTLE,5,2024-04-14 14:41:00,3.39,12026.0,Spain
536793,85099B,JUMBO BAG RED RETROSPOT,13,2024-06-18 18:01:00,1.95,12020.0,Germany
536793,71053,WHITE METAL LANTERN,15,2024-06-18 18:01:00,3.39,12020.0,Germany
536793,84029G,KNITTED UNION FLAG HOT WATER BOTTLE,10,2024-06-18 18:01:00,3.39,12020.0,Germany
536793,22423,REGENCY CAKESTAND 3 TIER,12,2024-06-18 18:01:00,12.75,12020.0,Germany
536794,21730,GLASS STAR FROSTED T-LIGHT HOLDER,13,2024-05-24 13:02:00,4.25,12025.0,France
536795,85099B,JUMBO BAG RED RETROSPOT,15,2024-12-29 12:00:00,1.95,12006.0,United Kingdom
536795,22633,HAND WARMER UNION JACK,16,2024-12-29 12:00:00,1.85,12006.0,United Kingdom
536795,22752,SET 7 BABUSHKA NESTING BOXES,11,2024-12-29 12:00:00,7.65,12006.0,United Kingdom
536796,23203,JUMBO BAG DOILEY PATTERNS,3,2024-08-14 11:41:00,1.95,12012.0,Germany
536796,84406B,CREAM CUPID HEARTS COAT HANGER,18,2024-08-14 11:41:00,2.75,12012.0,Germany
536796,22752,SET 7 BABUSHKA NESTING BOXES,1,2024-08-14 11:41:00,7.65,12012.0,Germany
536796,84029E,RED WOOLLY HOTTIE WHITE HEART,16,2024-08-14 11:41:00,3.39,12012.0,Germany
536796,22752,SET 7 BABUSHKA NESTING BOXES,2,2024-08-14 11:41:00,7.65,12012.0,Germany
536797,23203,JUMBO BAG DOILEY PATTERNS,7,2024-03-12 12:00:00,1.95,12057.0,United Kingdom
536797,84029G,KNITTED UNION FLAG HOT WATER BOTTLE,4,2024-03-12 12:00:00,3.39,12057.0,United Kingdom
536797,84029G,KNITTED UNION FLAG HOT WATER BOTTLE,9,2024-03-12 12:00:00,3.39,12057.0,United Kingdom
536798,23298,SPOTTY BUNTING,13,2024-05-26 18:46:00,4.95,12006.0,United Kingdom
536798,22720,SET OF 3 CAKE TINS PANTRY DESIGN,3,2024-05-26 18:46:00,4.95,12006.0,United Kingdom
536798,22720,SET OF 3 CAKE TINS PANTRY DESIGN,6,2024-05-26 18:46:00,4.95,12006.0,United Kingdom
536798,22423,REGENCY CAKESTAND 3 TIER,18,2024-05-26 18:46:00,12.75,12006.0,United Kingdom
536798,22633,HAND WARMER UNION JACK,2,2024-05-26 18:46:00,1.85,12006.0,United Kingdom
536799,21730,GLASS STAR FROSTED T-LIGHT HOLDER,8,2024-05-28 19:56:00,4.25,12029.0,United Kingdom
536799,22720,SET OF 3 CAKE TINS PANTRY DESIGN,13,2024-05-28 19:56:00,4.95,12029.0,United Kingdom
536799,22633,HAND WARMER UNION JACK,9,2024-05-28 19:56:00,1.85,12029.0,United Kingdom
536799,22423,REGENCY CAKESTAND 3 TIER,15,2024-05-28 19:56:00,12.75,12029.0,United Kingdom
536799,22633,HAND WARMER UNION JACK,1,2024-05-28 19:56:00,1.85,12029.0,United Kingdom
536800,23298,SPOTTY BUNTING,13,2024-02-22 13:36:00,4.95,12008.0,Germany
536800,85123A,WHITE HANGING HEART T-LIGHT HOLDER,7,2024-02-22 13:36:00,2.95,12008.0,Germany
536801,84029E,RED WOOLLY HOTTIE WHITE HEART,15,2024-11-19 19:49:00,3.39,12024.0,United Kingdom
536801,71053,WHITE METAL LANTERN,6,2024-11-19 19:49:00,3.39,12024.0,United Kingdom
536801,84406B,CREAM CUPID HEARTS COAT HANGER,10,2024-11-19 19:49:00,2.75,12024.0,United Kingdom
536802,23203,JUMBO BAG DOILEY PATTERNS,18,2024-03-13 12:51:00,1.95,12023.0,United Kingdom
536802,22752,SET 7 BABUSHKA NESTING BOXES,17,2024-03-13 12:51:00,7.65,12023.0,United Kingdom
536802,23203,JUMBO BAG DOILEY PATTERNS,19,2024-03-13 12:51:00,1.95,12023.0,United Kingdom
536802,22752,SET 7 BABUSHKA NESTING BOXES,5,2024-03-13 12:51:00,7.65,12023.0,United Kingdom
536802,22632,HAND WARMER RED POLKA DOT,18,2024-03-13 12:51:00,1.85,12023.0,United Kingdom
536803,22752,SET 7 BABUSHKA NESTING BOXES,7,2024-07-27 09:25:00,7.65,12072.0,France
536803,85123A,WHITE HANGING HEART T-LIGHT HOLDER,6,2024-07-27 09:25:00,2.95,12072.0,France
536803,22423,REGENCY CAKESTAND 3 TIER,5,2024-07-27 09:25:00,12.75,12072.0,France
536804,22632,HAND WARMER RED POLKA DOT,12,2024-01-31 15:29:00,1.85,12079.0,Germany
536804,22423,REGENCY CAKESTAND 3 TIER,10,2024-01-31 15:29:00,12.75,12079.0,Germany
536804,84406B,CREAM CUPID HEARTS COAT HANGER,9,2024-01-31 15:29:00,2.75,12079.0,Germany
536804,84029G,KNITTED UNION FLAG HOT WATER BOTTLE,9,2024-01-31 15:29:00,3.39,12079.0,Germany
536804,85099B,JUMBO BAG RED RETROSPOT,4,2024-01-31 15:29:00,1.95,12079.0,Germany
536805,22720,SET OF 3 CAKE TINS PANTRY DESIGN,15,2024-10-27 12:11:00,4.95,12019.0,France
536805,47566,PARTY BUNTING,11,2024-10-27 12:11:00,4.65,12019.0,France
536805,84029E,RED WOOLLY HOTTIE WHITE HEART,17,2024-10-27 12:11:00,3.39,12019.0,France
536805,84029G,KNITTED UNION FLAG HOT WATER BOTTLE,6,2024-10-27 12:11:00,3.39,12019.0,France
536806,85123A,WHITE HANGING HEART T-LIGHT HOLDER,13,2024-11-17 12:43:00,2.95,12066.0,Spain
536806,84406B,CREAM CUPID HEARTS COAT HANGER,17,2024-11-17 12:43:00,2.75,12066.0,Spain
536806,71053,WHITE METAL LANTERN,19,2024-11-17 12:43:00,3.39,12066.0,Spain
536806,84406B,CREAM CUPID HEARTS COAT HANGER,8,2024-11-17 12:43:00,2.75,12066.0,Spain
536807,23203,JUMBO BAG DOILEY PATTERNS,18,2024-10-24 12:44:00,1.95,12018.0,United Kingdom
536807,84029G,KNITTED UNION FLAG HOT WATER BOTTLE,8,2024-10-24 12:44:00,3.39,12018.0,United Kingdom
536807,21730,GLASS STAR FROSTED T-LIGHT HOLDER,11,2024-10-24 12:44:00,4.25,12018.0,United Kingdom
536808,22423,REGENCY CAKESTAND 3 TIER,8,2024-02-08 17:13:00,12.75,12042.0,United Kingdom
536808,23203,JUMBO BAG DOILEY PATTERNS,8,2024-02-08 17:13:00,1.95,12042.0,United Kingdom
536808,22632,HAND WARMER RED POLKA DOT,5,2024-02-08 17:13:00,1.85,12042.0,United Kingdom
536808,84406B,CREAM CUPID HEARTS COAT HANGER,10,2024-02-08 17:13:00,2.75,12042.0,United Kingdom
536808,22632,HAND WARMER RED POLKA DOT,16,2024-02-08 17:13:00,1.85,12042.0,United Kingdom
536809,22752,SET 7 BABUSHKA NESTING BOXES,9,2024-11-22 15:04:00,7.65,12031.0,France
536809,84029E,RED WOOLLY HOTTIE WHITE HEART,12,2024-11-22 15:04:00,3.39,12031.0,France
536809,22632,HAND WARMER RED POLKA DOT,9,2024-11-22 15:04:00,1.85,12031.0,France
536810,84029G,KNITTED UNION FLAG HOT WATER BOTTLE,10,2024-05-25 13:28:00,3.39,12022.0,United Kingdom
536810,71053,WHITE METAL LANTERN,9,2024-05-25 13:28:00,3.39,12022.0,United Kingdom
536810,23298,SPOTTY BUNTING,16,2024-05-25 13:28:00,4.95,12022.0,United Kingdom
536811,22632,HAND WARMER RED POLKA DOT,17,2024-09-29 08:20:00,1.85,12055.0,United Kingdom
536811,84029E,RED WOOLLY HOTTIE WHITE HEART,3,2024-09-29 08:20:00,3.39,12055.0,United Kingdom
536811,71053,WHITE METAL LANTERN,12,2024-09-29 08:20:00,3.39,12055.0,United Kingdom
536811,85099B,JUMBO BAG RED RETROSPOT,6,2024-09-29 08:20:00,1.95,12055.0,United Kingdom
536811,23298,SPOTTY BUNTING,15,2024-09-29 08:20:00,4.95,12055.0,United Kingdom
536812,22633,HAND WARMER UNION JACK,10,2024-03-28 16:40:00,1.85,12028.0,United Kingdom
536812,84406B,CREAM CUPID HEARTS COAT HANGER,19,2024-03-28 16:40:00,2.75,12028.0,United Kingdom
536813,22633,HAND WARMER UNION JACK,17,2024-05-19 08:52:00,1.85,12031.0,United Kingdom
536813,84406B,CREAM CUPID HEARTS COAT HANGER,4,2024-05-19 08:52:00,2.75,12031.0,United Kingdom
536813,22720,SET OF 3 CAKE TINS PANTRY DESIGN,16,2024-05-19 08:52:00,4.95,12031.0,United Kingdom
536813,22632,HAND WARMER RED POLKA DOT,1,2024-05-19 08:52:00,1.85,12031.0,United Kingdom
536813,47566,PARTY BUNTING,8,2024-05-19 08:52:00,4.65,12031.0,United Kingdom
536814,85123A,WHITE HANGING HEART T-LIGHT HOLDER,8,2024-11-13 18:41:00,2.95,12074.0,France
536814,22423,REGENCY CAKESTAND 3 TIER,16,2024-11-13 18:41:00,12.75,12074.0,France
536814,22632,HAND WARMER RED POLKA DOT,14,2024-11-13 18:41:00,1.85,12074.0,France
536815,22752,SET 7 BABUSHKA NESTING BOXES,4,2024-06-19 14:53:00,7.65,12001.0,United Kingdom
536815,22632,HAND WARMER RED POLKA DOT,13,2024-06-19 14:53:00,1.85,12001.0,United Kingdom
536816,22720,SET OF 3 CAKE TINS PANTRY DESIGN,3,2024-12-20 08:14:00,4.95,12064.0,United Kingdom
536816,85123A,WHITE HANGING HEART T-LIGHT HOLDER,17,2024-12-20 08:14:00,2.95,12064.0,United Kingdom
536817,21730,GLASS STAR FROSTED T-LIGHT HOLDER,1,2024-03-23 11:30:00,4.25,12076.0,United Kingdom
536817,21730,GLASS STAR FROSTED T-LIGHT HOLDER,11,2024-03-23 11:30:00,4.25,12076.0,United Kingdom
536817,22633,HAND WARMER UNION JACK,10,2024-03-23 11:30:00,1.85,12076.0,United Kingdom
536817,23203,JUMBO BAG DOILEY PATTERNS,16,2024-03-23 11:30:00,1.95,12076.0,United Kingdom
536817,84029G,KNITTED UNION FLAG HOT WATER BOTTLE,7,2024-03-23 11:30:00,3.39,12076.0,United Kingdom
536818,22720,SET OF 3 CAKE TINS PANTRY DESIGN,15,2024-05-29 13:10:00,4.95,12053.0,United Kingdom
536818,84029E,RED WOOLLY HOTTIE WHITE HEART,3,2024-05-29 13:10:00,3.39,12053.0,United Kingdom
536818,84406B,CREAM CUPID HEARTS COAT HANGER,8,2024-05-29 13:10:00,2.75,12053.0,United Kingdom
536818,22633,HAND WARMER UNION JACK,17,2024-05-29 13:10:00,1.85,12053.0,United Kingdom
536819,85123A,WHITE HANGING HEART T-LIGHT HOLDER,7,2024-01-01 16:17:00,2.95,12071.0,United Kingdom
536819,22632,HAND WARMER RED POLKA DOT,6,2024-01-01 16:17:00,1.85,12071.0,United Kingdom
536819,22632,HAND WARMER RED POLKA DOT,9,2024-01-01 16:17:00,1.85,12071.0,United Kingdom
536820,71053,WHITE METAL LANTERN,11,2024-03-07 08:31:00,3.39,12063.0,United Kingdom
536820,47566,PARTY BUNTING,2,2024-03-07 08:31:00,4.65,12063.0,United Kingdom
536820,84029E,RED WOOLLY HOTTIE WHITE HEART,17,2024-03-07 08:31:00,3.39,12063.0,United Kingdom
536820,22632,HAND WARMER RED POLKA DOT,4,2024-03-07 08:31:00,1.85,,United Kingdom
536821,84406B,CREAM CUPID HEARTS COAT HANGER,4,2024-10-06 18:21:00,2.75,12017.0,United Kingdom
536821,23298,SPOTTY BUNTING,4,2024-10-06 18:21:00,4.95,12017.0,United Kingdom
536821,23298,SPOTTY BUNTING,10,2024-10-06 18:21:00,4.95,12017.0,United Kingdom
536821,47566,PARTY BUNTING,1,2024-10-06 18:21:00,4.65,12017.0,United Kingdom
536822,71053,WHITE METAL LANTERN,2,2024-03-23 08:43:00,3.39,12075.0,United Kingdom
536822,22632,HAND WARMER RED POLKA DOT,17,2024-03-23 08:43:00,1.85,12075.0,United Kingdom
536822,21730,GLASS STAR FROSTED T-LIGHT HOLDER,16,2024-03-23 08:43:00,4.25,12075.0,United Kingdom
536822,23203,JUMBO BAG DOILEY PATTERNS,17,2024-03-23 08:43:00,1.95,12075.0,United Kingdom
536822,22633,HAND WARMER UNION JACK,14,2024-03-23 08:43:00,1.85,12075.0,United Kingdom
536823,23298,SPOTTY BUNTING,18,2024-09-03 14:31:00,4.95,12042.0,United Kingdom
536823,85099B,JUMBO BAG RED RETROSPOT,2,2024-09-03 14:31:00,1.95,12042.0,United Kingdom
536823,22632,HAND WARMER RED POLKA DOT,6,2024-09-03 14:31:00,1.85,12042.0,United Kingdom
536823,85123A,WHITE HANGING HEART T-LIGHT HOLDER,2,2024-09-03 14:31:00,2.95,12042.0,United Kingdom
536824,85123A,WHITE HANGING HEART T-LIGHT HOLDER,16,2024-12-10 14:26:00,2.95,12047.0,United Kingdom
536824,22720,SET OF 3 CAKE TINS PANTRY DESIGN,19,2024-12-10 14:26:00,4.95,12047.0,United Kingdom
536824,84029E,RED WOOLLY HOTTIE WHITE HEART,4,2024-12-10 14:26:00,3.39,12047.0,United Kingdom
536824,84029E,RED WOOLLY HOTTIE WHITE HEART,16,2024-12-10 14:26:00,3.39,12047.0,United Kingdom
536825,85099B,JUMBO BAG RED RETROSPOT,7,2024-11-19 09:02:00,1.95,12017.0,United Kingdom
536825,85099B,JUMBO BAG RED RETROSPOT,13,2024-11-19 09:02:00,1.95,12017.0,United Kingdom
536825,22632,HAND WARMER RED POLKA DOT,10,2024-11-19 09:02:00,1.85,12017.0,United Kingdom
536825,71053,WHITE METAL LANTERN,5,2024-11-19 09:02:00,3.39,12017.0,United Kingdom
536826,71053,WHITE METAL LANTERN,13,2024-02-19 13:07:00,3.39,12042.0,Germany
536827,84029G,KNITTED UNION FLAG HOT WATER BOTTLE,14,2024-05-08 11:12:00,3.39,12017.0,Germany
536827,22423,REGENCY CAKESTAND 3 TIER,11,2024-05-08 11:12:00,12.75,12017.0,Germany
536827,22632,HAND WARMER RED POLKA DOT,18,2024-05-08 11:12:00,1.85,12017.0,Germany
536827,21730,GLASS STAR FROSTED T-LIGHT HOLDER,8,2024-05-08 11:12:00,4.25,12017.0,Germany
536828,84029G,KNITTED UNION FLAG HOT WATER BOTTLE,19,2024-11-01 16:04:00,3.39,12043.0,United Kingdom
536828,22720,SET OF 3 CAKE TINS PANTRY DESIGN,17,2024-11-01 16:04:00,4.95,12043.0,United Kingdom
536828,71053,WHITE METAL LANTERN,12,2024-11-01 16:04:00,3.39,12043.0,United Kingdom
536828,22633,HAND WARMER UNION JACK,12,2024-11-01 16:04:00,1.85,12043.0,United Kingdom
536829,22752,SET 7 BABUSHKA NESTING BOXES,19,2024-05-08 14:40:00,7.65,12068.0,Germany
536829,85123A,WHITE HANGING HEART T-LIGHT HOLDER,10,2024-05-08 14:40:00,2.95,12068.0,Germany
536829,85099B,JUMBO BAG RED RETROSPOT,2,2024-05-08 14:40:00,1.95,12068.0,Germany
536829,21730,GLASS STAR FROSTED T-LIGHT HOLDER,12,2024-05-08 14:40:00,4.25,12068.0,Germany
536830,22632,HAND WARMER RED POLKA DOT,14,2024-02-13 11:14:00,1.85,12048.0,United Kingdom
536830,23298,SPOTTY BUNTING,4,2024-02-13 11:14:00,4.95,12048.0,United Kingdom
536831,84029G,KNITTED UNION FLAG HOT WATER BOTTLE,14,2024-03-01 08:02:00,3.39,12072.0,United Kingdom
536831,21730,GLASS STAR FROSTED T-LIGHT HOLDER,1,2024-03-01 08:02:00,4.25,12072.0,United Kingdom
536831,21730,GLASS STAR FROSTED T-LIGHT HOLDER,1,2024-03-01 08:02:00,4.25,,United Kingdom
536831,22633,HAND WARMER UNION JACK,11,2024-03-01 08:02:00,1.85,12072.0,United Kingdom
536831,22633,HAND WARMER UNION JACK,6,2024-03-01 08:02:00,1.85,12072.0,United Kingdom
536832,23298,SPOTTY BUNTING,6,2024-08-05 11:26:00,4.95,12061.0,United Kingdom
536832,22423,REGENCY CAKESTAND 3 TIER,13,2024-08-05 11:26:00,12.75,12061.0,United Kingdom
536832,85099B,JUMBO BAG RED RETROSPOT,2,2024-08-05 11:26:00,1.95,12061.0,United Kingdom
536832,23203,JUMBO BAG DOILEY PATTERNS,19,2024-08-05 11:26:00,1.95,12061.0,United Kingdom
536832,47566,PARTY BUNTING,19,2024-08-05 11:26:00,4.65,12061.0,United Kingdom
536833,22720,SET OF 3 CAKE TINS PANTRY DESIGN,16,2024-09-26 08:27:00,4.95,12074.0,United Kingdom
536833,22633,HAND WARMER UNION JACK,14,2024-09-26 08:27:00,1.85,12074.0,United Kingdom
536834,84029G,KNITTED UNION FLAG HOT WATER BOTTLE,16,2024-03-22 18:27:00,3.39,12010.0,United Kingdom
536834,23298,SPOTTY BUNTING,13,2024-03-22 18:27:00,4.95,12010.0,United Kingdom
536834,22752,SET 7 BABUSHKA NESTING BOXES,13,2024-03-22 18:27:00,7.65,12010.0,United Kingdom
536835,85099B,JUMBO BAG RED RETROSPOT,1,2024-08-25 13:16:00,1.95,12076.0,United Kingdom
536835,84406B,CREAM CUPID HEARTS COAT HANGER,15,2024-08-25 13:16:00,2.75,12076.0,United Kingdom
536836,23298,SPOTTY BUNTING,4,2024-06-07 14:26:00,4.95,12030.0,Germany
536836,22752,SET 7 BABUSHKA NESTING BOXES,12,2024-06-07 14:26:00,7.65,12030.0,Germany
536837,22423,REGENCY CAKESTAND 3 TIER,8,2024-03-25 15:03:00,12.75,12070.0,United Kingdom
536837,85099B,JUMBO BAG RED RETROSPOT,8,2024-03-25 15:03:00,1.95,12070.0,United Kingdom
536837,84029E,RED WOOLLY HOTTIE WHITE HEART,9,2024-03-25 15:03:00,3.39,12070.0,United Kingdom
536837,84029E,RED WOOLLY HOTTIE WHITE HEART,16,2024-03-25 15:03:00,3.39,12070.0,United Kingdom
536838,21730,GLASS STAR FROSTED T-LIGHT HOLDER,13,2024-04-27 14:45:00,4.25,12032.0,United Kingdom
536838,47566,PARTY BUNTING,9,2024-04-27 14:45:00,4.65,12032.0,United Kingdom
536838,84406B,CREAM CUPID HEARTS COAT HANGER,15,2024-04-27 14:45:00,2.75,12032.0,United Kingdom
536838,85123A,WHITE HANGING HEART T-LIGHT HOLDER,9,2024-04-27 14:45:00,2.95,12032.0,United Kingdom
536838,47566,PARTY BUNTING,8,2024-04-27 14:45:00,4.65,12032.0,United Kingdom
536839,21730,GLASS STAR FROSTED T-LIGHT HOLDER,8,2024-07-10 10:19:00,4.25,12054.0,United Kingdom
536840,84029E,RED WOOLLY HOTTIE WHITE HEART,18,2024-02-15 18:24:00,3.39,12066.0,United Kingdom
536840,84029G,KNITTED UNION FLAG HOT WATER BOTTLE,1,2024-02-15 18:24:00,3.39,12066.0,United Kingdom
536840,23298,SPOTTY BUNTING,12,2024-02-15 18:24:00,4.95,12066.0,United Kingdom
536841,23203,JUMBO BAG DOILEY PATTERNS,3,2024-06-16 08:01:00,1.95,12071.0,United Kingdom
536841,23203,JUMBO BAG DOILEY PATTERNS,5,2024-06-16 08:01:00,1.95,12071.0,United Kingdom
536842,22632,HAND WARMER RED POLKA DOT,1,2024-04-10 09:24:00,1.85,12009.0,United Kingdom
536842,71053,WHITE METAL LANTERN,4,2024-04-10 09:24:00,3.39,12009.0,United Kingdom
536842,84406B,CREAM CUPID HEARTS COAT HANGER,2,2024-04-10 09:24:00,2.75,12009.0,United Kingdom
536843,84029E,RED WOOLLY HOTTIE WHITE HEART,5,2024-07-19 11:19:00,3.39,12025.0,United Kingdom
536843,21730,GLASS STAR FROSTED T-LIGHT HOLDER,1,2024-07-19 11:19:00,4.25,12025.0,United Kingdom
536843,22633,HAND WARMER UNION JACK,18,2024-07-19 11:19:00,1.85,12025.0,United Kingdom
536844,23203,JUMBO BAG DOILEY PATTERNS,19,2024-02-09 16:07:00,1.95,12031.0,United Kingdom
536845,22423,REGENCY CAKESTAND 3 TIER,2,2024-08-13 15:36:00,12.75,12045.0,United Kingdom
536845,22752,SET 7 BABUSHKA NESTING BOXES,19,2024-08-13 15:36:00,7.65,12045.0,United Kingdom
536845,21730,GLASS STAR FROSTED T-LIGHT HOLDER,4,2024-08-13 15:36:00,4.25,12045.0,United Kingdom
536845,23203,JUMBO BAG DOILEY PATTERNS,12,2024-08-13 15:36:00,1.95,12045.0,United Kingdom
536845,22632,HAND WARMER RED POLKA DOT,8,2024-08-13 15:36:00,1.85,12045.0,United Kingdom
536846,21730,GLASS STAR FROSTED T-LIGHT HOLDER,19,2024-05-20 13:55:00,4.25,12009.0,United Kingdom
536847,22632,HAND WARMER RED POLKA DOT,2,2024-05-18 16:38:00,1.85,12038.0,United Kingdom
536847,21730,GLASS STAR FROSTED T-LIGHT HOLDER,18,2024-05-18 16:38:00,4.25,12038.0,United Kingdom
536847,22752,SET 7 BABUSHKA NESTING BOXES,11,2024-05-18 16:38:00,7.65,12038.0,United Kingdom
536847,85099B,JUMBO BAG RED RETROSPOT,14,2024-05-18 16:38:00,1.95,12038.0,United Kingdom
536847,23203,JUMBO BAG DOILEY PATTERNS,3,2024-05-18 16:38:00,1.95,12038.0,United Kingdom
536848,84029E,RED WOOLLY HOTTIE WHITE HEART,3,2024-07-13 09:40:00,3.39,12041.0,United Kingdom
536848,22720,SET OF 3 CAKE TINS PANTRY DESIGN,5,2024-07-13 09:40:00,4.95,12041.0,United Kingdom
536848,84029G,KNITTED UNION FLAG HOT WATER BOTTLE,17,2024-07-13 09:40:00,3.39,12041.0,United Kingdom
536849,22632,HAND WARMER RED POLKA DOT,1,2024-01-13 11:42:00,1.85,12070.0,Germany
536849,23203,JUMBO BAG DOILEY PATTERNS,4,2024-01-13 11:42:00,1.95,12070.0,Germany
536849,71053,WHITE METAL LANTERN,13,2024-01-13 11:42:00,3.39,12070.0,Germany
536849,85099B,JUMBO BAG RED RETROSPOT,2,2024-01-13 11:42:00,1.95,12070.0,Germany
536849,84406B,CREAM CUPID HEARTS COAT HANGER,12,2024-01-13 11:42:00,2.75,12070.0,Germany
536850,22752,SET 7 BABUSHKA NESTING BOXES,14,2024-09-06 12:35:00,7.65,12020.0,United Kingdom
536850,22633,HAND WARMER UNION JACK,12,2024-09-06 12:35:00,1.85,12020.0,United Kingdom
536851,23203,JUMBO BAG DOILEY PATTERNS,13,2024-03-16 18:33:00,1.95,12046.0,France
536851,23298,SPOTTY BUNTING,9,2024-03-16 18:33:00,4.95,12046.0,France
536851,23298,SPOTTY BUNTING,7,2024-03-16 18:33:00,4.95,12046.0,France
536851,22423,REGENCY CAKESTAND 3 TIER,2,2024-03-16 18:33:00,12.75,12046.0,France
536851,23203,JUMBO BAG DOILEY PATTERNS,5,2024-03-16 18:33:00,1.95,12046.0,France
536852,71053,WHITE METAL LANTERN,16,2024-01-05 09:59:00,3.39,12052.0,EIRE
536852,47566,PARTY BUNTING,4,2024-01-05 09:59:00,4.65,12052.0,EIRE
536853,22632,HAND WARMER RED POLKA DOT,16,2024-04-13 16:25:00,1.85,12053.0,United Kingdom
536853,85123A,WHITE HANGING HEART T-LIGHT HOLDER,19,2024-04-13 16:25:00,2.95,12053.0,United Kingdom
536854,84406B,CREAM CUPID HEARTS COAT HANGER,3,2024-11-15 19:09:00,2.75,12051.0,United Kingdom
536854,22633,HAND WARMER UNION JACK,18,2024-11-15 19:09:00,1.85,12051.0,United Kingdom
536854,23298,SPOTTY BUNTING,10,2024-11-15 19:09:00,4.95,12051.0,United Kingdom
536854,84406B,CREAM CUPID HEARTS COAT HANGER,7,2024-11-15 19:09:00,2.75,12051.0,United Kingdom
536855,22423,REGENCY CAKESTAND 3 TIER,18,2024-02-27 14:00:00,12.75,12055.0,United Kingdom
536855,84406B,CREAM CUPID HEARTS COAT HANGER,16,2024-02-27 14:00:00,2.75,12055.0,United Kingdom
536856,71053,WHITE METAL LANTERN,5,2024-12-19 18:06:00,3.39,12052.0,France
536856,23203,JUMBO BAG DOILEY PATTERNS,11,2024-12-19 18:06:00,1.95,12052.0,France
536856,22752,SET 7 BABUSHKA NESTING BOXES,7,2024-12-19 18:06:00,7.65,12052.0,France
536857,84029G,KNITTED UNION FLAG HOT WATER BOTTLE,9,2024-04-13 09:34:00,3.39,12067.0,Spain
536858,47566,PARTY BUNTING,10,2024-08-25 11:07:00,4.65,12015.0,United Kingdom
536858,21730,GLASS STAR FROSTED T-LIGHT HOLDER,16,2024-08-25 11:07:00,4.25,12015.0,United Kingdom
536858,84406B,CREAM CUPID HEARTS COAT HANGER,13,2024-08-25 11:07:00,2.75,12015.0,United Kingdom
536858,22423,REGENCY CAKESTAND 3 TIER,14,2024-08-25 11:07:00,12.75,12015.0,United Kingdom
536858,84029G,KNITTED UNION FLAG HOT WATER BOTTLE,14,2024-08-25 11:07:00,3.39,12015.0,United Kingdom
536859,23298,SPOTTY BUNTING,2,2024-11-15 10:36:00,4.95,12048.0,Germany
536859,22423,REGENCY CAKESTAND 3 TIER,12,2024-11-15 10:36:00,12.75,12048.0,Germany
536860,47566,PARTY BUNTING,11,2024-01-25 16:14:00,4.65,12015.0,United Kingdom
536861,23203,JUMBO BAG DOILEY PATTERNS,16,2024-02-28 10:36:00,1.95,12074.0,United Kingdom
536861,84406B,CREAM CUPID HEARTS COAT HANGER,6,2024-02-28 10:36:00,2.75,12074.0,United Kingdom
536861,23203,JUMBO BAG DOILEY PATTERNS,11,2024-02-28 10:36:00,1.95,12074.0,United Kingdom
536861,23203,JUMBO BAG DOILEY PATTERNS,11,2024-02-28 10:36:00,1.95,12074.0,United Kingdom
536862,22720,SET OF 3 CAKE TINS PANTRY DESIGN,19,2024-06-21 17:39:00,4.95,12003.0,United Kingdom
536862,23298,SPOTTY BUNTING,2,2024-06-21 17:39:00,4.95,12003.0,United Kingdom
536863,84029E,RED WOOLLY HOTTIE WHITE HEART,15,2024-10-29 15:35:00,3.39,12049.0,United Kingdom
536863,71053,WHITE METAL LANTERN,2,2024-10-29 15:35:00,3.39,12049.0,United Kingdom
536864,84029E,RED WOOLLY HOTTIE WHITE HEART,2,2024-10-09 15:35:00,3.39,12031.0,United Kingdom
536865,22633,HAND WARMER UNION JACK,15,2024-10-01 11:17:00,1.85,12060.0,United Kingdom
536865,21730,GLASS STAR FROSTED T-LIGHT HOLDER,14,2024-10-01 11:17:00,4.25,12060.0,United Kingdom
536865,22633,HAND WARMER UNION JACK,6,2024-10-01 11:17:00,1.85,12060.0,United Kingdom
536865,23203,JUMBO BAG DOILEY PATTERNS,14,2024-10-01 11:17:00,1.95,12060.0,United Kingdom
536865,23298,SPOTTY BUNTING,19,2024-10-01 11:17:00,4.95,12060.0,United Kingdom
536866,22752,SET 7 BABUSHKA NESTING BOXES,8,2024-02-03 14:19:00,7.65,12019.0,United Kingdom
536866,22752,SET 7 BABUSHKA NESTING BOXES,15,2024-02-03 14:19:00,7.65,12019.0,United Kingdom
536867,21730,GLASS STAR FROSTED T-LIGHT HOLDER,3,2024-06-22 09:34:00,4.25,12047.0,United Kingdom
536867,22752,SET 7 BABUSHKA NESTING BOXES,6,2024-06-22 09:34:00,7.65,12047.0,United Kingdom
536868,22633,HAND WARMER UNION JACK,16,2024-11-09 08:36:00,1.85,12067.0,United Kingdom
536868,22752,SET 7 BABUSHKA NESTING BOXES,2,2024-11-09 08:36:00,7.65,12067.0,United Kingdom
536869,71053,WHITE METAL LANTERN,14,2024-04-02 12:13:00,3.39,12029.0,United Kingdom
536869,22423,REGENCY CAKESTAND 3 TIER,12,2024-04-02 12:13:00,12.75,12029.0,United Kingdom
536869,23203,JUMBO BAG DOILEY PATTERNS,1,2024-04-02 12:13:00,1.95,12029.0,United Kingdom
536869,84029E,RED WOOLLY HOTTIE WHITE HEART,4,2024-04-02 12:13:00,3.39,12029.0,United Kingdom
536869,22632,HAND WARMER RED POLKA DOT,13,2024-04-02 12:13:00,1.85,12029.0,United Kingdom
536870,21730,GLASS STAR FROSTED T-LIGHT HOLDER,9,2024-05-18 10:55:00,4.25,12071.0,France
536870,22752,SET 7 BABUSHKA NESTING BOXES,15,2024-05-18 10:55:00,7.65,12071.0,France
536870,84029G,KNITTED UNION FLAG HOT WATER BOTTLE,19,2024-05-18 10:55:00,3.39,12071.0,France
536870,84406B,CREAM CUPID HEARTS COAT HANGER,9,2024-05-18 10:55:00,2.75,12071.0,France
536871,84029G,KNITTED UNION FLAG HOT WATER BOTTLE,17,2024-08-22 16:55:00,3.39,12025.0,Germany
536871,22633,HAND WARMER UNION JACK,2,2024-08-22 16:55:00,1.85,12025.0,Germany
536872,22720,SET OF 3 CAKE TINS PANTRY DESIGN,10,2024-08-24 08:46:00,4.95,12065.0,United Kingdom
536872,21730,GLASS STAR FROSTED T-LIGHT HOLDER,12,2024-08-24 08:46:00,4.25,12065.0,United Kingdom
536872,84406B,CREAM CUPID HEARTS COAT HANGER,3,2024-08-24 08:46:00,2.75,12065.0,United Kingdom
536872,22720,SET OF 3 CAKE TINS PANTRY DESIGN,5,2024-08-24 08:46:00,4.95,12065.0,United Kingdom
536873,84406B,CREAM CUPID HEARTS COAT HANGER,5,2024-04-08 10:35:00,2.75,12040.0,Germany
536873,84406B,CREAM CUPID HEARTS COAT HANGER,17,2024-04-08 10:35:00,2.75,12040.0,Germany
536873,84029E,RED WOOLLY HOTTIE WHITE HEART,8,2024-04-08 10:35:00,3.39,12040.0,Germany
536874,84406B,CREAM CUPID HEARTS COAT HANGER,14,2024-06-11 18:24:00,2.75,12005.0,United Kingdom
536875,71053,WHITE METAL LANTERN,16,2024-06-12 11:00:00,3.39,12005.0,United Kingdom
536875,22632,HAND WARMER RED POLKA DOT,14,2024-06-12 11:00:00,1.85,12005.0,United Kingdom
536875,71053,WHITE METAL LANTERN,17,2024-06-12 11:00:00,3.39,12005.0,United Kingdom
536875,85123A,WHITE HANGING HEART T-LIGHT HOLDER,18,2024-06-12 11:00:00,2.95,12005.0,United Kingdom
536875,85099B,JUMBO BAG RED RETROSPOT,7,2024-06-12 11:00:00,1.95,12005.0,United Kingdom
536876,84029G,KNITTED UNION FLAG HOT WATER BOTTLE,5,2024-08-10 09:36:00,3.39,12000.0,Germany
536876,84029G,KNITTED UNION FLAG HOT WATER BOTTLE,3,2024-08-10 09:36:00,3.39,12000.0,Germany
536877,22632,HAND WARMER RED POLKA DOT,7,2024-08-28 11:46:00,1.85,12019.0,Germany
536877,23203,JUMBO BAG DOILEY PATTERNS,4,2024-08-28 11:46:00,1.95,12019.0,Germany
536877,21730,GLASS STAR FROSTED T-LIGHT HOLDER,9,2024-08-28 11:46:00,4.25,12019.0,Germany
536877,23298,SPOTTY BUNTING,11,2024-08-28 11:46:00,4.95,12019.0,Germany
536878,84406B,CREAM CUPID HEARTS COAT HANGER,17,2024-12-01 12:52:00,2.75,12063.0,United Kingdom
536878,22752,SET 7 BABUSHKA NESTING BOXES,19,2024-12-01 12:52:00,7.65,12063.0,United Kingdom
536878,71053,WHITE METAL LANTERN,9,2024-12-01 12:52:00,3.39,12063.0,United Kingdom
536878,23203,JUMBO BAG DOILEY PATTERNS,1,2024-12-01 12:52:00,1.95,12063.0,United Kingdom
536878,84029G,KNITTED UNION FLAG HOT WATER BOTTLE,2,2024-12-01 12:52:00,3.39,12063.0,United Kingdom
536879,47566,PARTY BUNTING,19,2024-05-22 15:15:00,4.65,12025.0,United Kingdom
536880,84029E,RED WOOLLY HOTTIE WHITE HEART,13,2024-03-12 08:57:00,3.39,12017.0,France
536880,85123A,WHITE HANGING HEART T-LIGHT HOLDER,13,2024-03-12 08:57:00,2.95,12017.0,France
536880,22632,HAND WARMER RED POLKA DOT,7,2024-03-12 08:57:00,1.85,12017.0,France
536880,22423,REGENCY CAKESTAND 3 TIER,13,2024-03-12 08:57:00,12.75,12017.0,France
536881,22423,REGENCY CAKESTAND 3 TIER,5,2024-03-09 08:56:00,12.75,12035.0,United Kingdom
536881,22752,SET 7 BABUSHKA NESTING BOXES,14,2024-03-09 08:56:00,7.65,12035.0,United Kingdom
536882,84406B,CREAM CUPID HEARTS COAT HANGER,4,2024-08-27 08:27:00,2.75,12047.0,United Kingdom
536882,23298,SPOTTY BUNTING,13,2024-08-27 08:27:00,4.95,12047.0,United Kingdom
536882,22720,SET OF 3 CAKE TINS PANTRY DESIGN,6,2024-08-27 08:27:00,4.95,12047.0,United Kingdom
536882,47566,PARTY BUNTING,6,2024-08-27 08:27:00,4.65,12047.0,United Kingdom
536883,23298,SPOTTY BUNTING,9,2024-02-29 19:19:00,4.95,12052.0,Germany
536883,85123A,WHITE HANGING HEART T-LIGHT HOLDER,4,2024-02-29 19:19:00,2.95,12052.0,Germany
536884,85099B,JUMBO BAG RED RETROSPOT,14,2024-03-11 11:32:00,1.95,12054.0,United Kingdom
536885,22632,HAND WARMER RED POLKA DOT,2,2024-12-10 09:25:00,1.85,12058.0,United Kingdom
536885,22423,REGENCY CAKESTAND 3 TIER,1,2024-12-10 09:25:00,12.75,12058.0,United Kingdom
536885,84029E,RED WOOLLY HOTTIE WHITE HEART,14,2024-12-10 09:25:00,3.39,12058.0,United Kingdom
536885,22633,HAND WARMER UNION JACK,15,2024-12-10 09:25:00,1.85,12058.0,United Kingdom
536885,22632,HAND WARMER RED POLKA DOT,17,2024-12-10 09:25:00,1.85,12058.0,United Kingdom
536886,85123A,WHITE HANGING HEART T-LIGHT HOLDER,6,2024-01-21 08:46:00,2.95,12045.0,United Kingdom
536886,22632,HAND WARMER RED POLKA DOT,4,2024-01-21 08:46:00,1.85,12045.0,United Kingdom
536887,21730,GLASS STAR FROSTED T-LIGHT HOLDER,13,2024-12-29 08:03:00,4.25,12037.0,United Kingdom
536887,85123A,WHITE HANGING HEART T-LIGHT HOLDER,14,2024-12-29 08:03:00,2.95,12037.0,United Kingdom
536887,71053,WHITE METAL LANTERN,14,2024-12-29 08:03:00,3.39,12037.0,United Kingdom
536887,84406B,CREAM CUPID HEARTS COAT HANGER,17,2024-12-29 08:03:00,2.75,12037.0,United Kingdom
536887,84029E,RED WOOLLY HOTTIE WHITE HEART,4,2024-12-29 08:03:00,3.39,12037.0,United Kingdom
536888,22720,SET OF 3 CAKE TINS PANTRY DESIGN,3,2024-01-01 09:35:00,4.95,12026.0,United Kingdom
536888,22752,SET 7 BABUSHKA NESTING BOXES,4,2024-01-01 09:35:00,7.65,12026.0,United Kingdom
536889,23298,SPOTTY BUNTING,18,2024-05-01 08:04:00,4.95,12038.0,EIRE
536890,47566,PARTY BUNTING,3,2024-04-23 17:58:00,4.65,12037.0,United Kingdom
536890,85123A,WHITE HANGING HEART T-LIGHT HOLDER,14,2024-04-23 17:58:00,2.95,12037.0,United Kingdom
536890,71053,WHITE METAL LANTERN,12,2024-04-23 17:58:00,3.39,12037.0,United Kingdom
536890,85123A,WHITE HANGING HEART T-LIGHT HOLDER,14,2024-04-23 17:58:00,2.95,12037.0,United Kingdom
536890,84029G,KNITTED UNION FLAG HOT WATER BOTTLE,2,2024-04-23 17:58:00,3.39,12037.0,United Kingdom
536891,84029E,RED WOOLLY HOTTIE WHITE HEART,19,2024-03-09 14:04:00,3.39,12005.0,Germany
536891,85099B,JUMBO BAG RED RETROSPOT,13,2024-03-09 14:04:00,1.95,12005.0,Germany
536891,84406B,CREAM CUPID HEARTS COAT HANGER,14,2024-03-09 14:04:00,2.75,12005.0,Germany
536891,22632,HAND WARMER RED POLKA DOT,19,2024-03-09 14:04:00,1.85,12005.0,Germany
536892,23298,SPOTTY BUNTING,7,2024-09-04 12:02:00,4.95,12038.0,United Kingdom
536892,22423,REGENCY CAKESTAND 3 TIER,1,2024-09-04 12:02:00,12.75,12038.0,United Kingdom
536892,85123A,WHITE HANGING HEART T-LIGHT HOLDER,10,2024-09-04 12:02:00,2.95,12038.0,United Kingdom
536892,85099B,JUMBO BAG RED RETROSPOT,18,2024-09-04 12:02:00,1.95,12038.0,United Kingdom
536892,23298,SPOTTY BUNTING,5,2024-09-04 12:02:00,4.95,12038.0,United Kingdom
536893,47566,PARTY BUNTING,2,2024-06-28 17:10:00,4.65,12065.0,United Kingdom
536894,22632,HAND WARMER RED POLKA DOT,6,2024-09-22 09:51:00,1.85,12075.0,United Kingdom
536895,22633,HAND WARMER UNION JACK,14,2024-03-12 15:01:00,1.85,12023.0,United Kingdom
536895,84029G,KNITTED UNION FLAG HOT WATER BOTTLE,13,2024-03-12 15:01:00,3.39,12023.0,United Kingdom
536895,23298,SPOTTY BUNTING,8,2024-03-12 15:01:00,4.95,12023.0,United Kingdom
536896,22632,HAND WARMER RED POLKA DOT,18,2024-07-21 14:05:00,1.85,12020.0,United Kingdom
536897,23298,SPOTTY BUNTING,13,2024-10-04 11:55:00,4.95,12042.0,Germany
536897,22633,HAND WARMER UNION JACK,18,2024-10-04 11:55:00,1.85,12042.0,Germany
536897,22720,SET OF 3 CAKE TINS PANTRY DESIGN,8,2024-10-04 11:55:00,4.95,12042.0,Germany
536897,71053,WHITE METAL LANTERN,1,2024-10-04 11:55:00,3.39,12042.0,Germany
536897,84029G,KNITTED UNION FLAG HOT WATER BOTTLE,2,2024-10-04 11:55:00,3.39,12042.0,Germany
536898,84406B,CREAM CUPID HEARTS COAT HANGER,14,2024-02-09 19:05:00,2.75,12016.0,United Kingdom
536898,47566,PARTY BUNTING,16,2024-02-09 19:05:00,4.65,12016.0,United Kingdom
536899,84029G,KNITTED UNION FLAG HOT WATER BOTTLE,7,2024-08-03 16:08:00,3.39,12078.0,EIRE
536899,85099B,JUMBO BAG RED RETROSPOT,1,2024-08-03 16:08:00,1.95,12078.0,EIRE
536899,22720,SET OF 3 CAKE TINS PANTRY DESIGN,6,2024-08-03 16:08:00,4.95,12078.0,EIRE
536899,71053,WHITE METAL LANTERN,7,2024-08-03 16:08:00,3.39,12078.0,EIRE
536900,84029E,RED WOOLLY HOTTIE WHITE HEART,14,2024-04-10 14:48:00,3.39,12066.0,United Kingdom
536900,84406B,CREAM CUPID HEARTS COAT HANGER,3,2024-04-10 14:48:00,2.75,12066.0,United Kingdom
536900,23298,SPOTTY BUNTING,16,2024-04-10 14:48:00,4.95,12066.0,United Kingdom
536900,47566,PARTY BUNTING,13,2024-04-10 14:48:00,4.65,12066.0,United Kingdom
536901,84406B,CREAM CUPID HEARTS COAT HANGER,9,2024-03-12 11:38:00,2.75,12037.0,United Kingdom
536901,84029G,KNITTED UNION FLAG HOT WATER BOTTLE,3,2024-03-12 11:38:00,3.39,12037.0,United Kingdom
536901,71053,WHITE METAL LANTERN,10,2024-03-12 11:38:00,3.39,12037.0,United Kingdom
536902,21730,GLASS STAR FROSTED T-LIGHT HOLDER,19,2024-02-06 14:09:00,4.25,12029.0,United Kingdom
536903,85099B,JUMBO BAG RED RETROSPOT,18,2024-04-13 10:21:00,1.95,12019.0,France
536903,47566,PARTY BUNTING,11,2024-04-13 10:21:00,4.65,12019.0,France
536904,23203,JUMBO BAG DOILEY PATTERNS,11,2024-12-01 17:17:00,1.95,12057.0,United Kingdom
536905,84029E,RED WOOLLY HOTTIE WHITE HEART,9,2024-05-06 11:48:00,3.39,12023.0,United Kingdom
536905,71053,WHITE METAL LANTERN,19,2024-05-06 11:48:00,3.39,12023.0,United Kingdom
536905,22633,HAND WARMER UNION JACK,11,2024-05-06 11:48:00,1.85,12023.0,United Kingdom
536905,21730,GLASS STAR FROSTED T-LIGHT HOLDER,6,2024-05-06 11:48:00,4.25,12023.0,United Kingdom
536905,47566,PARTY BUNTING,10,2024-05-06 11:48:00,4.65,12023.0,United Kingdom
536906,22720,SET OF 3 CAKE TINS PANTRY DESIGN,6,2024-01-14 11:48:00,4.95,12053.0,United Kingdom
536907,84406B,CREAM CUPID HEARTS COAT HANGER,14,2024-07-25 10:02:00,2.75,12021.0,United Kingdom
536908,85123A,WHITE HANGING HEART T-LIGHT HOLDER,5,2024-01-27 08:28:00,2.95,12023.0,EIRE
536908,22633,HAND WARMER UNION JACK,4,2024-01-27 08:28:00,1.85,12023.0,EIRE
536909,47566,PARTY BUNTING,19,2024-10-05 12:57:00,4.65,12078.0,United Kingdom
536910,22632,HAND WARMER RED POLKA DOT,14,2024-08-05 10:38:00,1.85,12025.0,France
536910,22632,HAND WARMER RED POLKA DOT,16,2024-08-05 10:38:00,1.85,12025.0,France
536910,84406B,CREAM CUPID HEARTS COAT HANGER,10,2024-08-05 10:38:00,2.75,12025.0,France
536910,21730,GLASS STAR FROSTED T-LIGHT HOLDER,11,2024-08-05 10:38:00,4.25,12025.0,France
536911,22633,HAND WARMER UNION JACK,1,2024-04-28 19:06:00,1.85,12011.0,United Kingdom
536911,85123A,WHITE HANGING HEART T-LIGHT HOLDER,6,2024-04-28 19:06:00,2.95,12011.0,United Kingdom
536911,71053,WHITE METAL LANTERN,2,2024-04-28 19:06:00,3.39,12011.0,United Kingdom
536911,84406B,CREAM CUPID HEARTS COAT HANGER,4,2024-04-28 19:06:00,2.75,12011.0,United Kingdom
536912,85123A,WHITE HANGING HEART T-LIGHT HOLDER,2,2024-08-21 08:37:00,2.95,12067.0,United Kingdom
536912,71053,WHITE METAL LANTERN,9,2024-08-21 08:37:00,3.39,12067.0,United Kingdom
536912,21730,GLASS STAR FROSTED T-LIGHT HOLDER,7,2024-08-21 08:37:00,4.25,12067.0,United Kingdom
536913,84029G,KNITTED UNION FLAG HOT WATER BOTTLE,10,2024-09-19 16:34:00,3.39,12049.0,United Kingdom
536913,85123A,WHITE HANGING HEART T-LIGHT HOLDER,19,2024-09-19 16:34:00,2.95,12049.0,United Kingdom
536913,22752,SET 7 BABUSHKA NESTING BOXES,15,2024-09-19 16:34:00,7.65,12049.0,United Kingdom
536914,84406B,CREAM CUPID HEARTS COAT HANGER,18,2024-06-30 18:28:00,2.75,12076.0,United Kingdom
536915,71053,WHITE METAL LANTERN,14,2024-04-26 13:15:00,3.39,12038.0,EIRE
536915,22752,SET 7 BABUSHKA NESTING BOXES,1,2024-04-26 13:15:00,7.65,12038.0,EIRE
536915,23203,JUMBO BAG DOILEY PATTERNS,2,2024-04-26 13:15:00,1.95,12038.0,EIRE
536915,84029G,KNITTED UNION FLAG HOT WATER BOTTLE,1,2024-04-26 13:15:00,3.39,12038.0,EIRE
536915,22633,HAND WARMER UNION JACK,12,2024-04-26 13:15:00,1.85,12038.0,EIRE
536916,22633,HAND WARMER UNION JACK,11,2024-01-27 09:56:00,1.85,12025.0,Germany
536916,23298,SPOTTY BUNTING,12,2024-01-27 09:56:00,4.95,12025.0,Germany
536916,21730,GLASS STAR FROSTED T-LIGHT HOLDER,6,2024-01-27 09:56:00,4.25,12025.0,Germany
536916,22633,HAND WARMER UNION JACK,2,2024-01-27 09:56:00,1.85,12025.0,Germany
536916,84406B,CREAM CUPID HEARTS COAT HANGER,15,2024-01-27 09:56:00,2.75,12025.0,Germany
536917,84029E,RED WOOLLY HOTTIE WHITE HEART,1,2024-02-07 09:05:00,3.39,12069.0,Germany
536917,47566,PARTY BUNTING,9,2024-02-07 09:05:00,4.65,12069.0,Germany
536918,84029G,KNITTED UNION FLAG HOT WATER BOTTLE,17,2024-09-15 09:48:00,3.39,12063.0,United Kingdom
536918,23203,JUMBO BAG DOILEY PATTERNS,8,2024-09-15 09:48:00,1.95,12063.0,United Kingdom
536918,71053,WHITE METAL LANTERN,17,2024-09-15 09:48:00,3.39,12063.0,United Kingdom
536918,23203,JUMBO BAG DOILEY PATTERNS,10,2024-09-15 09:48:00,1.95,12063.0,United Kingdom
536919,22423,REGENCY CAKESTAND 3 TIER,1,2024-03-22 08:56:00,12.75,12046.0,United Kingdom
536919,71053,WHITE METAL LANTERN,5,2024-03-22 08:56:00,3.39,12046.0,United Kingdom
536920,22632,HAND WARMER RED POLKA DOT,17,2024-05-13 10:21:00,1.85,12036.0,United Kingdom
536920,22720,SET OF 3 CAKE TINS PANTRY DESIGN,6,2024-05-13 10:21:00,4.95,12036.0,United Kingdom
536920,23203,JUMBO BAG DOILEY PATTERNS,10,2024-05-13 10:21:00,1.95,12036.0,United Kingdom
536921,84406B,CREAM CUPID HEARTS COAT HANGER,2,2024-05-04 16:49:00,2.75,12015.0,United Kingdom
536922,84406B,CREAM CUPID HEARTS COAT HANGER,12,2024-07-02 13:40:00,2.75,12055.0,Germany
536922,23203,JUMBO BAG DOILEY PATTERNS,15,2024-07-02 13:40:00,1.95,12055.0,Germany
536922,84029E,RED WOOLLY HOTTIE WHITE HEART,8,2024-07-02 13:40:00,3.39,12055.0,Germany
536922,23203,JUMBO BAG DOILEY PATTERNS,1,2024-07-02 13:40:00,1.95,12055.0,Germany
536923,84029G,KNITTED UNION FLAG HOT WATER BOTTLE,10,2024-02-12 18:02:00,3.39,12042.0,United Kingdom
536923,84029E,RED WOOLLY HOTTIE WHITE HEART,7,2024-02-12 18:02:00,3.39,12042.0,United Kingdom
536924,84406B,CREAM CUPID HEARTS COAT HANGER,13,2024-07-23 19:28:00,2.75,12045.0,United Kingdom
536924,22720,SET OF 3 CAKE TINS PANTRY DESIGN,7,2024-07-23 19:28:00,4.95,12045.0,United Kingdom
536924,84406B,CREAM CUPID HEARTS COAT HANGER,7,2024-07-23 19:28:00,2.75,12045.0,United Kingdom
536924,84029E,RED WOOLLY HOTTIE WHITE HEART,12,2024-07-23 19:28:00,3.39,12045.0,United Kingdom
536925,22632,HAND WARMER RED POLKA DOT,14,2024-08-05 09:18:00,1.85,12069.0,France
536925,84029E,RED WOOLLY HOTTIE WHITE HEART,13,2024-08-05 09:18:00,3.39,12069.0,France
536926,22633,HAND WARMER UNION JACK,1,2024-02-19 12:26:00,1.85,12031.0,United Kingdom
536926,23203,JUMBO BAG DOILEY PATTERNS,17,2024-02-19 12:26:00,1.95,12031.0,United Kingdom
536926,85123A,WHITE HANGING HEART T-LIGHT HOLDER,4,2024-02-19 12:26:00,2.95,12031.0,United Kingdom
536926,22752,SET 7 BABUSHKA NESTING BOXES,10,2024-02-19 12:26:00,7.65,12031.0,United Kingdom
536926,22423,REGENCY CAKESTAND 3 TIER,9,2024-02-19 12:26:00,12.75,12031.0,United Kingdom
536927,84029E,RED WOOLLY HOTTIE WHITE HEART,19,2024-01-04 15:54:00,3.39,12048.0,United Kingdom
536927,85123A,WHITE HANGING HEART T-LIGHT HOLDER,6,2024-01-04 15:54:00,2.95,12048.0,United Kingdom
536927,84406B,CREAM CUPID HEARTS COAT HANGER,17,2024-01-04 15:54:00,2.75,12048.0,United Kingdom
536928,22632,HAND WARMER RED POLKA DOT,14,2024-12-02 15:33:00,1.85,12038.0,United Kingdom
536928,47566,PARTY BUNTING,11,2024-12-02 15:33:00,4.65,12038.0,United Kingdom
536929,23203,JUMBO BAG DOILEY PATTERNS,3,2024-12-10 14:26:00,1.95,12075.0,United Kingdom
536929,22752,SET 7 BABUSHKA NESTING BOXES,14,2024-12-10 14:26:00,7.65,12075.0,United Kingdom
536930,22720,SET OF 3 CAKE TINS PANTRY DESIGN,18,2024-12-21 15:01:00,4.95,12019.0,United Kingdom
536930,22720,SET OF 3 CAKE TINS PANTRY DESIGN,2,2024-12-21 15:01:00,4.95,12019.0,United Kingdom
536930,22423,REGENCY CAKESTAND 3 TIER,3,2024-12-21 15:01:00,12.75,12019.0,United Kingdom
536930,71053,WHITE METAL LANTERN,14,2024-12-21 15:01:00,3.39,12019.0,United Kingdom
536931,21730,GLASS STAR FROSTED T-LIGHT HOLDER,10,2024-08-24 18:04:00,4.25,12038.0,United Kingdom
536931,22633,HAND WARMER UNION JACK,18,2024-08-24 18:04:00,1.85,12038.0,United Kingdom
536931,85123A,WHITE HANGING HEART T-LIGHT HOLDER,17,2024-08-24 18:04:00,2.95,12038.0,United Kingdom
536931,22720,SET OF 3 CAKE TINS PANTRY DESIGN,16,2024-08-24 18:04:00,4.95,12038.0,United Kingdom
536931,21730,GLASS STAR FROSTED T-LIGHT HOLDER,10,2024-08-24 18:04:00,4.25,12038.0,United Kingdom
536932,23298,SPOTTY BUNTING,13,2024-04-01 18:30:00,4.95,12029.0,France
536933,22633,HAND WARMER UNION JACK,6,2024-02-18 14:30:00,1.85,12079.0,United Kingdom
536934,22423,REGENCY CAKESTAND 3 TIER,2,2024-03-25 13:37:00,12.75,12049.0,United Kingdom
536934,85123A,WHITE HANGING HEART T-LIGHT HOLDER,17,2024-03-25 13:37:00,2.95,12049.0,United Kingdom
536934,84029E,RED WOOLLY HOTTIE WHITE HEART,17,2024-03-25 13:37:00,3.39,12049.0,United Kingdom
536934,22633,HAND WARMER UNION JACK,7,2024-03-25 13:37:00,1.85,12049.0,United Kingdom
536935,22752,SET 7 BABUSHKA NESTING BOXES,11,2024-08-28 09:24:00,7.65,12021.0,United Kingdom
536936,21730,GLASS STAR FROSTED T-LIGHT HOLDER,16,2024-02-01 18:52:00,4.25,12054.0,France
536936,22423,REGENCY CAKESTAND 3 TIER,11,2024-02-01 18:52:00,12.75,12054.0,France
536936,84406B,CREAM CUPID HEARTS COAT HANGER,11,2024-02-01 18:52:00,2.75,12054.0,France
536936,23203,JUMBO BAG DOILEY PATTERNS,19,2024-02-01 18:52:00,1.95,12054.0,France
536936,21730,GLASS STAR FROSTED T-LIGHT HOLDER,5,2024-02-01 18:52:00,4.25,12054.0,France
536937,21730,GLASS STAR FROSTED T-LIGHT HOLDER,7,2024-01-28 09:33:00,4.25,12059.0,Spain
536937,21730,GLASS STAR FROSTED T-LIGHT HOLDER,1,2024-01-28 09:33:00,4.25,12059.0,Spain
536938,85123A,WHITE HANGING HEART T-LIGHT HOLDER,1,2024-08-05 11:15:00,2.95,12047.0,Germany
536939,85123A,WHITE HANGING HEART T-LIGHT HOLDER,13,2024-05-12 09:52:00,2.95,12070.0,United Kingdom
536939,22423,REGENCY CAKESTAND 3 TIER,15,2024-05-12 09:52:00,12.75,12070.0,United Kingdom
536940,22720,SET OF 3 CAKE TINS PANTRY DESIGN,11,2024-04-29 19:49:00,4.95,12021.0,United Kingdom
536940,85099B,JUMBO BAG RED RETROSPOT,1,2024-04-29 19:49:00,1.95,12021.0,United Kingdom
536940,85123A,WHITE HANGING HEART T-LIGHT HOLDER,1,2024-04-29 19:49:00,2.95,12021.0,United Kingdom
536940,84406B,CREAM CUPID HEARTS COAT HANGER,19,2024-04-29 19:49:00,2.75,12021.0,United Kingdom
536941,85123A,WHITE HANGING HEART T-LIGHT HOLDER,1,2024-10-12 11:56:00,2.95,12050.0,United Kingdom
536941,71053,WHITE METAL LANTERN,16,2024-10-12 11:56:00,3.39,12050.0,United Kingdom
536941,84029G,KNITTED UNION FLAG HOT WATER BOTTLE,9,2024-10-12 11:56:00,3.39,12050.0,United Kingdom
536941,22633,HAND WARMER UNION JACK,16,2024-10-12 11:56:00,1.85,12050.0,United Kingdom
536941,22752,SET 7 BABUSHKA NESTING BOXES,1,2024-10-12 11:56:00,7.65,12050.0,United Kingdom
536942,71053,WHITE METAL LANTERN,12,2024-04-15 16:45:00,3.39,12030.0,United Kingdom
536942,22752,SET 7 BABUSHKA NESTING BOXES,6,2024-04-15 16:45:00,7.65,12030.0,United Kingdom
536942,22633,HAND WARMER UNION JACK,6,2024-04-15 16:45:00,1.85,12030.0,United Kingdom
536942,23298,SPOTTY BUNTING,19,2024-04-15 16:45:00,4.95,12030.0,United Kingdom
536943,22633,HAND WARMER UNION JACK,8,2024-06-09 14:26:00,1.85,12065.0,Germany
536943,22752,SET 7 BABUSHKA NESTING BOXES,11,2024-06-09 14:26:00,7.65,12065.0,Germany
536943,22423,REGENCY CAKESTAND 3 TIER,9,2024-06-09 14:26:00,12.75,12065.0,Germany
536944,84029E,RED WOOLLY HOTTIE WHITE HEART,11,2024-10-28 13:54:00,3.39,12064.0,United Kingdom
536944,84029E,RED WOOLLY HOTTIE WHITE HEART,9,2024-10-28 13:54:00,3.39,12064.0,United Kingdom
536944,22752,SET 7 BABUSHKA NESTING BOXES,14,2024-10-28 13:54:00,7.65,12064.0,United Kingdom
536944,71053,WHITE METAL LANTERN,16,2024-10-28 13:54:00,3.39,12064.0,United Kingdom
536944,23203,JUMBO BAG DOILEY PATTERNS,11,2024-10-28 13:54:00,1.95,12064.0,United Kingdom
536945,84029E,RED WOOLLY HOTTIE WHITE HEART,15,2024-09-12 10:44:00,3.39,12043.0,United Kingdom
536945,23298,SPOTTY BUNTING,4,2024-09-12 10:44:00,4.95,12043.0,United Kingdom
536945,85099B,JUMBO BAG RED RETROSPOT,10,2024-09-12 10:44:00,1.95,12043.0,United Kingdom
536945,84029E,RED WOOLLY HOTTIE WHITE HEART,12,2024-09-12 10:44:00,3.39,12043.0,United Kingdom
536946,22752,SET 7 BABUSHKA NESTING BOXES,3,2024-01-01 19:51:00,7.65,12079.0,United Kingdom
536946,22632,HAND WARMER RED POLKA DOT,16,2024-01-01 19:51:00,1.85,12079.0,United Kingdom
536946,84029G,KNITTED UNION FLAG HOT WATER BOTTLE,14,2024-01-01 19:51:00,3.39,12079.0,United Kingdom
536946,23298,SPOTTY BUNTING,15,2024-01-01 19:51:00,4.95,12079.0,United Kingdom
536947,47566,PARTY BUNTING,11,2024-05-23 12:51:00,4.65,12027.0,EIRE
536947,22752,SET 7 BABUSHKA NESTING BOXES,1,2024-05-23 12:51:00,7.65,12027.0,EIRE
536947,85099B,JUMBO BAG RED RETROSPOT,13,2024-05-23 12:51:00,1.95,12027.0,EIRE
536948,21730,GLASS STAR FROSTED T-LIGHT HOLDER,16,2024-09-19 08:34:00,4.25,12077.0,France
536948,85099B,JUMBO BAG RED RETROSPOT,13,2024-09-19 08:34:00,1.95,12077.0,France
536948,21730,GLASS STAR FROSTED T-LIGHT HOLDER,6,2024-09-19 08:34:00,4.25,12077.0,France
536949,84029G,KNITTED UNION FLAG HOT WATER BOTTLE,19,2024-12-16 15:42:00,3.39,12041.0,United Kingdom
536949,21730,GLASS STAR FROSTED T-LIGHT HOLDER,18,2024-12-16 15:42:00,4.25,12041.0,United Kingdom
536949,23203,JUMBO BAG DOILEY PATTERNS,15,2024-12-16 15:42:00,1.95,,United Kingdom
536949,23203,JUMBO BAG DOILEY PATTERNS,12,2024-12-16 15:42:00,1.95,12041.0,United Kingdom
536949,22720,SET OF 3 CAKE TINS PANTRY DESIGN,4,2024-12-16 15:42:00,4.95,12041.0,United Kingdom
536950,85099B,JUMBO BAG RED RETROSPOT,17,2024-07-17 17:45:00,1.95,12005.0,United Kingdom
536950,22720,SET OF 3 CAKE TINS PANTRY DESIGN,3,2024-07-17 17:45:00,4.95,12005.0,United Kingdom
536950,22632,HAND WARMER RED POLKA DOT,8,2024-07-17 17:45:00,1.85,12005.0,United Kingdom
536951,23203,JUMBO BAG DOILEY PATTERNS,3,2024-07-03 19:25:00,1.95,12063.0,France
536952,47566,PARTY BUNTING,1,2024-11-01 19:29:00,4.65,12030.0,United Kingdom
536953,84029E,RED WOOLLY HOTTIE WHITE HEART,16,2024-06-21 08:09:00,3.39,12002.0,United Kingdom
536953,85099B,JUMBO BAG RED RETROSPOT,5,2024-06-21 08:09:00,1.95,12002.0,United Kingdom
536953,22423,REGENCY CAKESTAND 3 TIER,12,2024-06-21 08:09:00,12.75,12002.0,United Kingdom
536953,22720,SET OF 3 CAKE TINS PANTRY DESIGN,3,2024-06-21 08:09:00,4.95,12002.0,United Kingdom
536954,22632,HAND WARMER RED POLKA DOT,17,2024-04-20 12:53:00,1.85,12018.0,France
536954,21730,GLASS STAR FROSTED T-LIGHT HOLDER,5,2024-04-20 12:53:00,4.25,12018.0,France
536954,84406B,CREAM CUPID HEARTS COAT HANGER,7,2024-04-20 12:53:00,2.75,12018.0,France
536955,84406B,CREAM CUPID HEARTS COAT HANGER,3,2024-06-20 13:28:00,2.75,12052.0,Spain
536955,84029G,KNITTED UNION FLAG HOT WATER BOTTLE,17,2024-06-20 13:28:00,3.39,12052.0,Spain
536955,21730,GLASS STAR FROSTED T-LIGHT HOLDER,17,2024-06-20 13:28:00,4.25,12052.0,Spain
536955,85099B,JUMBO BAG RED RETROSPOT,11,2024-06-20 13:28:00,1.95,12052.0,Spain
536955,84029E,RED WOOLLY HOTTIE WHITE HEART,7,2024-06-20 13:28:00,3.39,12052.0,Spain
536956,47566,PARTY BUNTING,10,2024-07-08 11:17:00,4.65,12011.0,United Kingdom
536956,22632,HAND WARMER RED POLKA DOT,18,2024-07-08 11:17:00,1.85,12011.0,United Kingdom
536956,22633,HAND WARMER UNION JACK,12,2024-07-08 11:17:00,1.85,12011.0,United Kingdom
536956,21730,GLASS STAR FROSTED T-LIGHT HOLDER,10,2024-07-08 11:17:00,4.25,12011.0,United Kingdom
536957,23203,JUMBO BAG DOILEY PATTERNS,4,2024-09-16 15:30:00,1.95,12041.0,United Kingdom
536957,84029E,RED WOOLLY HOTTIE WHITE HEART,19,2024-09-16 15:30:00,3.39,12041.0,United Kingdom
536957,84029E,RED WOOLLY HOTTIE WHITE HEART,16,2024-09-16 15:30:00,3.39,12041.0,United Kingdom
536957,23298,SPOTTY BUNTING,17,2024-09-16 15:30:00,4.95,12041.0,United Kingdom
536957,85123A,WHITE HANGING HEART T-LIGHT HOLDER,10,2024-09-16 15:30:00,2.95,12041.0,United Kingdom
536958,47566,PARTY BUNTING,3,2024-11-01 10:18:00,4.65,12045.0,United Kingdom
536958,84029G,KNITTED UNION FLAG HOT WATER BOTTLE,6,2024-11-01 10:18:00,3.39,12045.0,United Kingdom
536958,23203,JUMBO BAG DOILEY PATTERNS,9,2024-11-01 10:18:00,1.95,12045.0,United Kingdom
536958,84029E,RED WOOLLY HOTTIE WHITE HEART,7,2024-11-01 10:18:00,3.39,12045.0,United Kingdom
536959,22423,REGENCY CAKESTAND 3 TIER,15,2024-05-21 09:49:00,12.75,12047.0,United Kingdom
536959,84406B,CREAM CUPID HEARTS COAT HANGER,2,2024-05-21 09:49:00,2.75,12047.0,United Kingdom
536960,22632,HAND WARMER RED POLKA DOT,14,2024-10-06 15:47:00,1.85,12003.0,United Kingdom
536960,22752,SET 7 BABUSHKA NESTING BOXES,18,2024-10-06 15:47:00,7.65,12003.0,United Kingdom
536960,23203,JUMBO BAG DOILEY PATTERNS,16,2024-10-06 15:47:00,1.95,12003.0,United Kingdom
536961,22752,SET 7 BABUSHKA NESTING BOXES,6,2024-05-22 09:29:00,7.65,12079.0,France
536961,21730,GLASS STAR FROSTED T-LIGHT HOLDER,16,2024-05-22 09:29:00,4.25,12079.0,France
536961,85123A,WHITE HANGING HEART T-LIGHT HOLDER,7,2024-05-22 09:29:00,2.95,12079.0,France
536961,84029G,KNITTED UNION FLAG HOT WATER BOTTLE,16,2024-05-22 09:29:00,3.39,12079.0,France
536962,22632,HAND WARMER RED POLKA DOT,17,2024-02-01 11:02:00,1.85,12037.0,United Kingdom
536962,23298,SPOTTY BUNTING,17,2024-02-01 11:02:00,4.95,12037.0,United Kingdom
536962,84029E,RED WOOLLY HOTTIE WHITE HEART,19,2024-02-01 11:02:00,3.39,12037.0,United Kingdom
536962,84029G,KNITTED UNION FLAG HOT WATER BOTTLE,9,2024-02-01 11:02:00,3.39,12037.0,United Kingdom
536962,22423,REGENCY CAKESTAND 3 TIER,6,2024-02-01 11:02:00,12.75,12037.0,United Kingdom
536963,21730,GLASS STAR FROSTED T-LIGHT HOLDER,18,2024-02-17 08:30:00,4.25,12021.0,Spain
536963,23298,SPOTTY BUNTING,1,2024-02-17 08:30:00,4.95,12021.0,Spain
536964,84029G,KNITTED UNION FLAG HOT WATER BOTTLE,5,2024-02-22 10:14:00,3.39,12040.0,United Kingdom
C536965,85123A,WHITE HANGING HEART T-LIGHT HOLDER,-2,2024-06-15 10:00:00,2.95,12052.0,United Kingdom
C536966,85123A,WHITE HANGING HEART T-LIGHT HOLDER,-2,2024-06-15 10:00:00,2.95,12026.0,United Kingdom
C536967,85123A,WHITE HANGING HEART T-LIGHT HOLDER,-3,2024-06-15 10:00:00,2.95,12049.0,United Kingdom
C536968,85123A,WHITE HANGING HEART T-LIGHT HOLDER,-1,2024-06-15 10:00:00,2.95,12071.0,United Kingdom
C536969,85123A,WHITE HANGING HEART T-LIGHT HOLDER,-4,2024-06-15 10:00:00,2.95,12048.0,United Kingdom
C536970,85123A,WHITE HANGING HEART T-LIGHT HOLDER,-3,2024-06-15 10:00:00,2.95,12055.0,United Kingdom
C536971,85123A,WHITE HANGING HEART T-LIGHT HOLDER,-2,2024-06-15 10:00:00,2.95,12029.0,United Kingdom
C536972,85123A,WHITE HANGING HEART T-LIGHT HOLDER,-2,2024-06-15 10:00:00,2.95,12012.0,United Kingdom
C536973,85123A,WHITE HANGING HEART T-LIGHT HOLDER,-4,2024-06-15 10:00:00,2.95,12025.0,United Kingdom
C536974,85123A,WHITE HANGING HEART T-LIGHT HOLDER,-2,2024-06-15 10:00:00,2.95,12077.0,United Kingdom
C536975,85123A,WHITE HANGING HEART T-LIGHT HOLDER,-3,2024-06-15 10:00:00,2.95,12049.0,United Kingdom
C536976,85123A,WHITE HANGING HEART T-LIGHT HOLDER,-1,2024-06-15 10:00:00,2.95,12022.0,United Kingdom
C536977,85123A,WHITE HANGING HEART T-LIGHT HOLDER,-3,2024-06-15 10:00:00,2.95,12036.0,United Kingdom
C536978,85123A,WHITE HANGING HEART T-LIGHT HOLDER,-1,2024-06-15 10:00:00,2.95,12066.0,United Kingdom
C536979,85123A,WHITE HANGING HEART T-LIGHT HOLDER,-2,2024-06-15 10:00:00,2.95,12053.0,United Kingdom
C536980,85123A,WHITE HANGING HEART T-LIGHT HOLDER,-2,2024-06-15 10:00:00,2.95,12044.0,United Kingdom
C536981,85123A,WHITE HANGING HEART T-LIGHT HOLDER,-4,2024-06-15 10:00:00,2.95,12070.0,United Kingdom
C536982,85123A,WHITE HANGING HEART T-LIGHT HOLDER,-1,2024-06-15 10:00:00,2.95,12053.0,United Kingdom
C536983,85123A,WHITE HANGING HEART T-LIGHT HOLDER,-4,2024-06-15 10:00:00,2.95,12051.0,United Kingdom
C536984,85123A,WHITE HANGING HEART T-LIGHT HOLDER,-1,2024-06-15 10:00:00,2.95,12015.0,United Kingdom
